[2026-05-02 23:28:33] === 开始内核编译（使用 LLVM 18.1.8）===
[2026-05-02 23:28:33] 检查编译环境...
[2026-05-02 23:28:33] 测试编译器...
[2026-05-02 23:28:33] SUCCESS: 编译器检查通过: ClangBuiltLinux clang version 18.1.8 (https://github.com/llvm/llvm-project.git 3b5b5c1ec4a3095ab096dd780e84d7ab81f3d7ff)
[2026-05-02 23:28:33] [1/4] 执行彻底清理...
-- ReSukiSU version code: 34878
-- ReSukiSU version name: 
-- KERNEL_VERSION: 5.4
-- KERNEL_TYPE: GKI 1.0
-- KPM is disabled
-- ReSukiSU/compat: current_sid found
-- ReSukiSU/compat: selinux_state found
-- ReSukiSU/compat: kernel_read found
-- ReSukiSU/compat: kernel_write found
-- ReSukiSU/compat: path_umount found
-- ReSukiSU/compat: selinux_inode found
-- ReSukiSU/compat: selinux_cred found
grep: ./include/linux/seccomp_types.h: No such file or directory
-- ReSukiSU/compat: file_inode() found
-- ReSukiSU/compat: ns_get_path found
-- ReSukiSU/compat: modern dentry_open found
-- ReSukiSU/compat: ext4_unregister_sysfs found
-- ReSukiSU/compat: f_op->read_iter found
-- ReSukiSU/compat: iterate_dir found
-- ReSukiSU/compat: modern static_key_interface found
-- ReSukiSU/compat: d_inode found
-- ReSukiSU/compat: inode_lock found
-- ReSukiSU/compat: modern errno file found
-- ReSukiSU/compat: overflow.h found
-- ReSukiSU/compat: modern proc ns header file found
[2026-05-02 23:30:05] SUCCESS: 清理完成
[2026-05-02 23:30:05] [2/4] 生成内核配置: vendor/star_defconfig
[2026-05-02 23:30:05] 使用命令: make -j8 O=./out LLVM=1 vendor/star_defconfig
[2026-05-02 23:30:05] 配置命令: make ARCH=arm64 LLVM=1 CC='/home/wyc/llvm-18.1.8-aarch64/bin/clang' LD='/home/wyc/llvm-18.1.8-aarch64/bin/ld.lld' AR='/home/wyc/llvm-18.1.8-aarch64/bin/llvm-ar' NM='/home/wyc/llvm-18.1.8-aarch64/bin/llvm-nm' STRIP='/home/wyc/llvm-18.1.8-aarch64/bin/llvm-strip' O='./out' vendor/star_defconfig
make[1]: Entering directory '/home/wyc/android_kernel_xiaomi_sm8350-miui/out'
  GEN     Makefile
  HOSTCC  scripts/basic/fixdep
  HOSTCC  scripts/kconfig/conf.o
  HOSTCC  scripts/kconfig/confdata.o
  HOSTCC  scripts/kconfig/expr.o
  LEX     scripts/kconfig/lexer.lex.c
  YACC    scripts/kconfig/parser.tab.[ch]
  HOSTCC  scripts/kconfig/lexer.lex.o
  HOSTCC  scripts/kconfig/parser.tab.o
  HOSTCC  scripts/kconfig/preprocess.o
  HOSTCC  scripts/kconfig/symbol.o
  HOSTLD  scripts/kconfig/conf
arch/arm64/configs/vendor/star_defconfig:116:warning: override: reassigning to symbol KALLSYMS_ALL
#
# configuration written to .config
#
make[1]: Leaving directory '/home/wyc/android_kernel_xiaomi_sm8350-miui/out'
[2026-05-02 23:30:21] SUCCESS: 配置生成成功
[2026-05-02 23:30:21] [3/4] 开始编译内核 (使用 8 线程)...
[2026-05-02 23:30:21] 详细编译日志保存至: ./build_logs/build_20260502_232833.log
[2026-05-02 23:30:21] 编译命令: make ARCH=arm64 LLVM=1     CC='/home/wyc/llvm-18.1.8-aarch64/bin/clang'     LD='/home/wyc/llvm-18.1.8-aarch64/bin/ld.lld'     AR='/home/wyc/llvm-18.1.8-aarch64/bin/llvm-ar'     NM='/home/wyc/llvm-18.1.8-aarch64/bin/llvm-nm'     STRIP='/home/wyc/llvm-18.1.8-aarch64/bin/llvm-strip'     OBJCOPY='/home/wyc/llvm-18.1.8-aarch64/bin/llvm-objcopy'     OBJDUMP='/home/wyc/llvm-18.1.8-aarch64/bin/llvm-objdump'     O='./out'     -j8
=== 编译开始 ===
命令: make ARCH=arm64 LLVM=1     CC='/home/wyc/llvm-18.1.8-aarch64/bin/clang'     LD='/home/wyc/llvm-18.1.8-aarch64/bin/ld.lld'     AR='/home/wyc/llvm-18.1.8-aarch64/bin/llvm-ar'     NM='/home/wyc/llvm-18.1.8-aarch64/bin/llvm-nm'     STRIP='/home/wyc/llvm-18.1.8-aarch64/bin/llvm-strip'     OBJCOPY='/home/wyc/llvm-18.1.8-aarch64/bin/llvm-objcopy'     OBJDUMP='/home/wyc/llvm-18.1.8-aarch64/bin/llvm-objdump'     O='./out'     -j8
时间: Sat May  2 11:30:21 PM CST 2026
=================
make[1]: Entering directory '/home/wyc/android_kernel_xiaomi_sm8350-miui/out'
  GEN     Makefile
scripts/kconfig/conf  --syncconfig Kconfig
  GEN     Makefile
  WRAP    arch/arm64/include/generated/uapi/asm/kvm_para.h
  WRAP    arch/arm64/include/generated/uapi/asm/errno.h
  WRAP    arch/arm64/include/generated/uapi/asm/ioctl.h
  WRAP    arch/arm64/include/generated/uapi/asm/ioctls.h
  WRAP    arch/arm64/include/generated/uapi/asm/ipcbuf.h
  WRAP    arch/arm64/include/generated/uapi/asm/mman.h
  WRAP    arch/arm64/include/generated/uapi/asm/msgbuf.h
  WRAP    arch/arm64/include/generated/uapi/asm/poll.h
  WRAP    arch/arm64/include/generated/uapi/asm/resource.h
  WRAP    arch/arm64/include/generated/uapi/asm/sembuf.h
  WRAP    arch/arm64/include/generated/uapi/asm/shmbuf.h
  WRAP    arch/arm64/include/generated/uapi/asm/siginfo.h
  WRAP    arch/arm64/include/generated/uapi/asm/socket.h
  WRAP    arch/arm64/include/generated/uapi/asm/sockios.h
  WRAP    arch/arm64/include/generated/uapi/asm/stat.h
  WRAP    arch/arm64/include/generated/uapi/asm/swab.h
  WRAP    arch/arm64/include/generated/uapi/asm/termbits.h
  WRAP    arch/arm64/include/generated/uapi/asm/termios.h
  WRAP    arch/arm64/include/generated/uapi/asm/types.h
  UPD     include/generated/uapi/linux/version.h
  WRAP    arch/arm64/include/generated/asm/bugs.h
  WRAP    arch/arm64/include/generated/asm/delay.h
  WRAP    arch/arm64/include/generated/asm/div64.h
  WRAP    arch/arm64/include/generated/asm/dma.h
  WRAP    arch/arm64/include/generated/asm/dma-contiguous.h
  WRAP    arch/arm64/include/generated/asm/dma-mapping.h
  WRAP    arch/arm64/include/generated/asm/early_ioremap.h
  WRAP    arch/arm64/include/generated/asm/emergency-restart.h
  WRAP    arch/arm64/include/generated/asm/hw_irq.h
  WRAP    arch/arm64/include/generated/asm/irq_regs.h
  WRAP    arch/arm64/include/generated/asm/kdebug.h
  WRAP    arch/arm64/include/generated/asm/kmap_types.h
  WRAP    arch/arm64/include/generated/asm/local.h
  WRAP    arch/arm64/include/generated/asm/local64.h
  WRAP    arch/arm64/include/generated/asm/mcs_spinlock.h
  WRAP    arch/arm64/include/generated/asm/mm-arch-hooks.h
  WRAP    arch/arm64/include/generated/asm/mmiowb.h
  WRAP    arch/arm64/include/generated/asm/msi.h
  WRAP    arch/arm64/include/generated/asm/qrwlock.h
  WRAP    arch/arm64/include/generated/asm/qspinlock.h
  WRAP    arch/arm64/include/generated/asm/serial.h
  WRAP    arch/arm64/include/generated/asm/set_memory.h
  WRAP    arch/arm64/include/generated/asm/switch_to.h
  WRAP    arch/arm64/include/generated/asm/trace_clock.h
  WRAP    arch/arm64/include/generated/asm/unaligned.h
  WRAP    arch/arm64/include/generated/asm/user.h
  WRAP    arch/arm64/include/generated/asm/vga.h
  HOSTCC  scripts/unifdef
  HOSTCC  scripts/dtc/dtc.o
  HOSTCC  scripts/dtc/flattree.o
  HOSTCC  scripts/dtc/fstree.o
  HOSTCC  scripts/dtc/data.o
  HOSTCC  scripts/dtc/livetree.o
  HOSTCC  scripts/dtc/treesource.o
  HOSTCC  scripts/dtc/srcpos.o
  HOSTCC  scripts/dtc/checks.o
  HOSTCC  scripts/dtc/util.o
  LEX     scripts/dtc/dtc-lexer.lex.c
  YACC    scripts/dtc/dtc-parser.tab.[ch]
  HOSTCC  scripts/dtc/libfdt/fdt.o
  HOSTCC  scripts/dtc/libfdt/fdt_ro.o
  HOSTCC  scripts/dtc/libfdt/fdt_wip.o
  HOSTCC  scripts/dtc/libfdt/fdt_sw.o
  HOSTCC  scripts/dtc/libfdt/fdt_rw.o
  HOSTCC  scripts/dtc/libfdt/fdt_strerror.o
  HOSTCC  scripts/dtc/libfdt/fdt_empty_tree.o
  HOSTCC  scripts/dtc/libfdt/fdt_addresses.o
  HOSTCC  scripts/dtc/libfdt/fdt_overlay.o
  HOSTCC  scripts/dtc/fdtoverlay.o
  HOSTCC  scripts/dtc/dtc-lexer.lex.o
  HOSTCC  scripts/dtc/dtc-parser.tab.o
  HOSTLD  scripts/dtc/fdtoverlay
  HOSTLD  scripts/dtc/dtc
  HOSTCC  scripts/genksyms/genksyms.o
  YACC    scripts/genksyms/parse.tab.[ch]
  LEX     scripts/genksyms/lex.lex.c
  HOSTCC  scripts/genksyms/parse.tab.o
  HOSTCC  scripts/genksyms/lex.lex.o
  HOSTLD  scripts/genksyms/genksyms
  HOSTCC  scripts/kallsyms
  HOSTCC  scripts/sortextable
  HOSTCC  scripts/selinux/genheaders/genheaders
  UPD     include/config/kernel.release
  HOSTCC  scripts/selinux/mdp/mdp
  HOSTCC  scripts/asn1_compiler
  HOSTCC  scripts/extract-cert
  UPD     include/generated/utsrelease.h
Building for Xiaomi Mi 11 Ultra
"QGKI Spectra Camera Built-in"
  DTC     arch/arm64/boot/dts/vendor/qcom/lahaina.dtb
  DTC     arch/arm64/boot/dts/vendor/qcom/katmai-fp2.dtb
  DTC     arch/arm64/boot/dts/vendor/qcom/katmai.dtb
  HDRINST usr/include/asm-generic/auxvec.h
  HDRINST usr/include/asm-generic/bitsperlong.h
  HDRINST usr/include/asm-generic/bpf_perf_event.h
  DTC     arch/arm64/boot/dts/vendor/qcom/katmaip-fp2.dtb
  HDRINST usr/include/asm-generic/errno-base.h
  HDRINST usr/include/asm-generic/errno.h
  HDRINST usr/include/asm-generic/fcntl.h
  HDRINST usr/include/asm-generic/hugetlb_encode.h
  CC      scripts/mod/empty.o
  HDRINST usr/include/asm-generic/int-l64.h
  HDRINST usr/include/asm-generic/int-ll64.h
  HOSTCC  scripts/mod/mk_elfconfig
  CC      scripts/mod/devicetable-offsets.s
  HDRINST usr/include/asm-generic/ioctl.h
  HDRINST usr/include/asm-generic/ioctls.h
  HDRINST usr/include/asm-generic/ipcbuf.h
  DTC     arch/arm64/boot/dts/vendor/qcom/katmaip.dtb
  HDRINST usr/include/asm-generic/kvm_para.h
  DTC     arch/arm64/boot/dts/vendor/qcom/lahaina-v2.dtb
  DTC     arch/arm64/boot/dts/vendor/qcom/lahaina-v2.1.dtb
  HDRINST usr/include/asm-generic/mman-common.h
  HDRINST usr/include/asm-generic/mman.h
  HDRINST usr/include/asm-generic/msgbuf.h
  HDRINST usr/include/asm-generic/param.h
  UPD     scripts/mod/devicetable-offsets.h
  MKELF   scripts/mod/elfconfig.h
  HDRINST usr/include/asm-generic/poll.h
  HOSTCC  scripts/mod/modpost.o
  HDRINST usr/include/asm-generic/posix_types.h
  HDRINST usr/include/asm-generic/resource.h
  HDRINST usr/include/asm-generic/sembuf.h
  HDRINST usr/include/asm-generic/setup.h
  HDRINST usr/include/asm-generic/shmbuf.h
  DTC     arch/arm64/boot/dts/vendor/qcom/lahaina-mtp-hsp-overlay.dtbo
  HDRINST usr/include/asm-generic/siginfo.h
  HDRINST usr/include/asm-generic/signal-defs.h
  HOSTCC  scripts/mod/file2alias.o
  DTC     arch/arm64/boot/dts/vendor/qcom/lahaina-qrd-hsp-overlay.dtbo
  HDRINST usr/include/asm-generic/signal.h
  HDRINST usr/include/asm-generic/socket.h
  HDRINST usr/include/asm-generic/sockios.h
  HDRINST usr/include/asm-generic/stat.h
  HDRINST usr/include/asm-generic/statfs.h
  HDRINST usr/include/asm-generic/swab.h
  HDRINST usr/include/asm-generic/termbits.h
  HDRINST usr/include/asm-generic/termios.h
  HDRINST usr/include/asm-generic/types.h
  HOSTCC  scripts/mod/sumversion.o
  HDRINST usr/include/asm-generic/ucontext.h
  DTC     arch/arm64/boot/dts/vendor/qcom/lahaina-qrd-hsp-pro-overlay.dtbo
  HDRINST usr/include/asm-generic/unistd.h
  HDRINST usr/include/drm/amdgpu_drm.h
  HDRINST usr/include/drm/armada_drm.h
  HDRINST usr/include/drm/drm.h
  HDRINST usr/include/drm/drm_fourcc.h
  HDRINST usr/include/drm/drm_mode.h
-- ReSukiSU version code: 34878
-- ReSukiSU version name: v4.1.0-47a53940-dirty@ReSukiSU
-- Supported Unofficial Manager: MKSU, RKSU, KOWSU, SukiSU-Ultra, ReSukiSU 
-- KERNEL_VERSION: 5.4
-- KERNEL_TYPE: GKI 1.0
-- ReSukiSU: using Manual Hook
  HDRINST usr/include/drm/drm_sarea.h
  HDRINST usr/include/drm/etnaviv_drm.h
-- ReSukiSU/manual_hook: You are using LSM hooks for setuid hooks.
-- ReSukiSU/manual_hook: You are using LSM hooks for init rc hooks.
  HDRINST usr/include/drm/exynos_drm.h
-- ReSukiSU/manual_hook: You are using input_handler for input hooks.
-- ReSukiSU/manual_hook: ksu_handle_execveat found
-- ReSukiSU/manual_hook: ksu_handle_faccessat found
-- ReSukiSU/manual_hook: ksu_handle_stat found
  HDRINST usr/include/drm/i810_drm.h
-- ReSukiSU/manual_hook: ksu_handle_newfstat_ret found
  HOSTLD  scripts/mod/modpost
  HDRINST usr/include/drm/i915_drm.h
-- ReSukiSU/manual_hook: ksu_handle_fstat64_ret found
  HDRINST usr/include/drm/lima_drm.h
-- ReSukiSU/manual_hook: ksu_handle_sys_reboot found
  DTC     arch/arm64/boot/dts/vendor/qcom/lahaina-qrd-module-overlay.dtbo
-- KPM is enabled
-- WARNING, This feature is unstable!!! You are WARNED!!!
  DTC     arch/arm64/boot/dts/vendor/qcom/lahaina-qrd-overlay.dtbo
-- ReSukiSU/compat: current_sid found
  DTC     arch/arm64/boot/dts/vendor/qcom/lahaina-rumi-overlay.dtbo
  HDRINST usr/include/drm/mga_drm.h
-- ReSukiSU/compat: selinux_state found
  DTC     arch/arm64/boot/dts/vendor/qcom/lahainap.dtb
-- ReSukiSU/compat: kernel_read found
-- ReSukiSU/compat: kernel_write found
  HDRINST usr/include/drm/msm_drm.h
-- ReSukiSU/compat: path_umount found
-- ReSukiSU/compat: selinux_inode found
-- ReSukiSU/compat: selinux_cred found
  CC      kernel/bounds.s
  HDRINST usr/include/drm/nouveau_drm.h
grep: ../include/linux/seccomp_types.h: No such file or directory
  HDRINST usr/include/drm/omap_drm.h
-- ReSukiSU/compat: file_inode() found
  DTC     arch/arm64/boot/dts/vendor/qcom/lahainap-v2.dtb
  HDRINST usr/include/drm/panfrost_drm.h
  HDRINST usr/include/drm/qxl_drm.h
-- ReSukiSU/compat: ns_get_path found
-- ReSukiSU/compat: modern dentry_open found
  HDRINST usr/include/drm/r128_drm.h
-- ReSukiSU/compat: ext4_unregister_sysfs found
-- ReSukiSU/compat: f_op->read_iter found
-- ReSukiSU/compat: iterate_dir found
  HDRINST usr/include/drm/radeon_drm.h
  DTC     arch/arm64/boot/dts/vendor/qcom/lahainap-v2.1.dtb
-- ReSukiSU/compat: modern static_key_interface found
  DTC     arch/arm64/boot/dts/vendor/qcom/yupik.dtb
-- ReSukiSU/compat: d_inode found
  HDRINST usr/include/drm/savage_drm.h
-- ReSukiSU/compat: inode_lock found
-- ReSukiSU/compat: modern errno file found
-- ReSukiSU/compat: overflow.h found
-- ReSukiSU/compat: modern proc ns header file found
  UPD     include/generated/timeconst.h
  HDRINST usr/include/drm/sis_drm.h
  UPD     include/generated/bounds.h
  HDRINST usr/include/drm/tegra_drm.h
  CALL    ../scripts/atomic/check-atomics.sh
  HDRINST usr/include/drm/v3d_drm.h
  HDRINST usr/include/drm/vc4_drm.h
  CC      arch/arm64/kernel/asm-offsets.s
  HDRINST usr/include/drm/vgem_drm.h
  HDRINST usr/include/drm/via_drm.h
  DTC     arch/arm64/boot/dts/vendor/qcom/mars-sm8350-overlay.dtbo
  HDRINST usr/include/drm/virtgpu_drm.h
  HDRINST usr/include/drm/vmwgfx_drm.h
  HDRINST usr/include/linux/acct.h
  HDRINST usr/include/linux/adb.h
  HDRINST usr/include/linux/adfs_fs.h
  DTC     arch/arm64/boot/dts/vendor/qcom/odin-sm8350-overlay.dtbo
  HDRINST usr/include/linux/affs_hardblocks.h
  HDRINST usr/include/linux/agpgart.h
  HDRINST usr/include/linux/aio_abi.h
  HDRINST usr/include/linux/am437x-vpfe.h
  HDRINST usr/include/linux/android/binder.h
  HDRINST usr/include/linux/android/binderfs.h
  HDRINST usr/include/linux/apm_bios.h
  HDRINST usr/include/linux/arcfb.h
  DTC     arch/arm64/boot/dts/vendor/qcom/redwood-sm7325-overlay.dtbo
  DTC     arch/arm64/boot/dts/vendor/qcom/shima.dtb
  HDRINST usr/include/linux/arm_sdei.h
  HDRINST usr/include/linux/aspeed-lpc-ctrl.h
  HDRINST usr/include/linux/aspeed-p2a-ctrl.h
  HDRINST usr/include/linux/atalk.h
  HDRINST usr/include/linux/atm.h
  HDRINST usr/include/linux/atm_eni.h
  HDRINST usr/include/linux/atm_he.h
  HDRINST usr/include/linux/atm_idt77105.h
  HDRINST usr/include/linux/atm_nicstar.h
  DTC     arch/arm64/boot/dts/vendor/qcom/star-sm8350-overlay.dtbo
  DTC     arch/arm64/boot/dts/vendor/qcom/taoyao-sm7325-overlay.dtbo
  HDRINST usr/include/linux/atm_tcp.h
  HDRINST usr/include/linux/atm_zatm.h
  HDRINST usr/include/linux/atmapi.h
  HDRINST usr/include/linux/atmarp.h
  DTC     arch/arm64/boot/dts/vendor/qcom/venus-sm8350-overlay.dtbo
  DTC     arch/arm64/boot/dts/vendor/qcom/vili-sm8350-overlay.dtbo
  HDRINST usr/include/linux/atmbr2684.h
  DTC     arch/arm64/boot/dts/vendor/qcom/yupik-atp-overlay.dtbo
  HDRINST usr/include/linux/atmclip.h
  HDRINST usr/include/linux/atmdev.h
  DTC     arch/arm64/boot/dts/vendor/qcom/yupik-hsp.dtb
  HDRINST usr/include/linux/atmioc.h
  HDRINST usr/include/linux/atmlec.h
  DTC     arch/arm64/boot/dts/vendor/qcom/yupik-idp-overlay.dtbo
  HDRINST usr/include/linux/atmmpc.h
  HDRINST usr/include/linux/atmppp.h
  DTC     arch/arm64/boot/dts/vendor/qcom/yupik-idp-pm7250b-overlay.dtbo
  DTC     arch/arm64/boot/dts/vendor/qcom/yupik-idps-amoled-overlay.dtbo
  HDRINST usr/include/linux/atmsap.h
  HDRINST usr/include/linux/atmsvc.h
  DTC     arch/arm64/boot/dts/vendor/qcom/yupik-iot.dtb
  HDRINST usr/include/linux/audit.h
  HDRINST usr/include/linux/auto_dev-ioctl.h
  DTC     arch/arm64/boot/dts/vendor/qcom/yupik-qrd-overlay.dtbo
  HDRINST usr/include/linux/auto_fs.h
  HDRINST usr/include/linux/auto_fs4.h
  HDRINST usr/include/linux/auxvec.h
  DTC     arch/arm64/boot/dts/vendor/qcom/yupik-rumi-overlay.dtbo
  HDRINST usr/include/linux/ax25.h
  DTC     arch/arm64/boot/dts/vendor/qcom/yupikp.dtb
  HDRINST usr/include/linux/b1lli.h
  DTC     arch/arm64/boot/dts/vendor/qcom/yupikp-hsp.dtb
  HDRINST usr/include/linux/batadv_packet.h
  DTC     arch/arm64/boot/dts/vendor/qcom/yupikp-iot.dtb
  HDRINST usr/include/linux/batman_adv.h
  HDRINST usr/include/linux/baycom.h
  HDRINST usr/include/linux/bcache.h
  HDRINST usr/include/linux/bcm933xx_hcs.h
  UPD     include/generated/asm-offsets.h
  CALL    ../scripts/checksyscalls.sh
  HDRINST usr/include/linux/bfs_fs.h
  HDRINST usr/include/linux/binfmts.h
  HDRINST usr/include/linux/blkpg.h
  DTC     arch/arm64/boot/dts/vendor/qcom/zijin-sm7325-overlay.dtbo
  HDRINST usr/include/linux/blktrace_api.h
  HDRINST usr/include/linux/blkzoned.h
  HDRINST usr/include/linux/bpf.h
  HDRINST usr/include/linux/bpf_common.h
  HDRINST usr/include/linux/bpf_perf_event.h
  DTC     arch/arm64/boot/dts/vendor/qcom/cetus-sm8350-overlay.dtbo
  HDRINST usr/include/linux/bpfilter.h
  DTC     arch/arm64/boot/dts/vendor/qcom/haydn-sm8350-overlay.dtbo
  DTC     arch/arm64/boot/dts/vendor/qcom/katmai-fp2-hsp-overlay.dtbo
  HDRINST usr/include/linux/bpqether.h
  LDS     arch/arm64/kernel/vdso/vdso.lds
  DTC     arch/arm64/boot/dts/vendor/qcom/katmai-fp2-hsp-pm7250b-overlay.dtbo
  HDRINST usr/include/linux/bsg.h
  HDRINST usr/include/linux/bt-bmc.h
  CC      arch/arm64/kernel/vdso/vgettimeofday.o
  HDRINST usr/include/linux/btf.h
  HDRINST usr/include/linux/btrfs.h
  DTC     arch/arm64/boot/dts/vendor/qcom/katmai-hsp-overlay.dtbo
  HDRINST usr/include/linux/btrfs_tree.h
  HDRINST usr/include/linux/byteorder/big_endian.h
  AS      arch/arm64/kernel/vdso/note.o
  HDRINST usr/include/linux/byteorder/little_endian.h
  DTC     arch/arm64/boot/dts/vendor/qcom/katmai-hsp-pm7250b-overlay.dtbo
  DTC     arch/arm64/boot/dts/vendor/qcom/katmaip-fp2-hsp-overlay.dtbo
  HDRINST usr/include/linux/caif/caif_socket.h
  HDRINST usr/include/linux/caif/if_caif.h
  AS      arch/arm64/kernel/vdso/sigreturn.o
  HDRINST usr/include/linux/can.h
  HDRINST usr/include/linux/can/bcm.h
  HDRINST usr/include/linux/can/error.h
  HDRINST usr/include/linux/can/gw.h
  HDRINST usr/include/linux/can/j1939.h
  LD      arch/arm64/kernel/vdso/vdso.so.dbg
  DTC     arch/arm64/boot/dts/vendor/qcom/katmaip-fp2-hsp-pm7250b-overlay.dtbo
  HDRINST usr/include/linux/can/netlink.h
  VDSOSYM include/generated/vdso-offsets.h
  HDRINST usr/include/linux/can/raw.h
  HDRINST usr/include/linux/can/vxcan.h
  DTC     arch/arm64/boot/dts/vendor/qcom/katmaip-hsp-overlay.dtbo
  HDRINST usr/include/linux/capability.h
  DTC     arch/arm64/boot/dts/vendor/qcom/katmaip-hsp-pm7250b-overlay.dtbo
  DTC     arch/arm64/boot/dts/vendor/qcom/lahaina-atp-overlay.dtbo
  HDRINST usr/include/linux/capi.h
  DTC     arch/arm64/boot/dts/vendor/qcom/lahaina-cdp-hsp-pro-overlay.dtbo
  HDRINST usr/include/linux/cciss_defs.h
  HDRINST usr/include/linux/cciss_ioctl.h
  HDRINST usr/include/linux/cdrom.h
  DTC     arch/arm64/boot/dts/vendor/qcom/lahaina-cdp-overlay.dtbo
  DTC     arch/arm64/boot/dts/vendor/qcom/lahaina-cdp-v2.2-overlay.dtbo
  HDRINST usr/include/linux/cec-funcs.h
  HDRINST usr/include/linux/cec.h
  HDRINST usr/include/linux/cgroupstats.h
  DTC     arch/arm64/boot/dts/vendor/qcom/lahaina-hdk-overlay.dtbo
  HDRINST usr/include/linux/chio.h
  HDRINST usr/include/linux/cifs/cifs_mount.h
  DTC     arch/arm64/boot/dts/vendor/qcom/lahaina-hhg-overlay.dtbo
  DTC     arch/arm64/boot/dts/vendor/qcom/lahaina-mtp-hsp-pro-overlay.dtbo
  HDRINST usr/include/linux/cm4000_cs.h
  HDRINST usr/include/linux/cn_proc.h
  DTC     arch/arm64/boot/dts/vendor/qcom/lahaina-mtp-overlay.dtbo
  HDRINST usr/include/linux/coda.h
  HDRINST usr/include/linux/coff.h
  HDRINST usr/include/linux/connector.h
  HDRINST usr/include/linux/const.h
  LDS     arch/arm64/kernel/vdso32/vdso.lds
  CC32    arch/arm64/kernel/vdso32/note.o
  HDRINST usr/include/linux/coresight-stm.h
  HDRINST usr/include/linux/cramfs_fs.h
  DTC     arch/arm64/boot/dts/vendor/qcom/lahaina-mtp-v2-overlay.dtbo
  CC32    arch/arm64/kernel/vdso32/vgettimeofday.o
  HDRINST usr/include/linux/cryptouser.h
  DTC     arch/arm64/boot/dts/vendor/qcom/lahaina-mtp-v2.1-overlay.dtbo
  HDRINST usr/include/linux/cuda.h
  AS32    arch/arm64/kernel/vdso32/sigreturn.o
  HOSTCC  arch/arm64/kernel/vdso32/../../../arm/vdso/vdsomunge
  HDRINST usr/include/linux/cyclades.h
  DTC     arch/arm64/boot/dts/vendor/qcom/lahainap-atp-overlay.dtbo
  HDRINST usr/include/linux/cycx_cfm.h
  DTC     arch/arm64/boot/dts/vendor/qcom/lahainap-cdp-overlay.dtbo
  DTC     arch/arm64/boot/dts/vendor/qcom/lahainap-hhg-hsp-pro-overlay.dtbo
  HDRINST usr/include/linux/dcbnl.h
  HDRINST usr/include/linux/dccp.h
  DTC     arch/arm64/boot/dts/vendor/qcom/lahainap-mtp-overlay.dtbo
  HDRINST usr/include/linux/devlink.h
  HDRINST usr/include/linux/dlm.h
  LD32    arch/arm64/kernel/vdso32/vdso.so.raw
  HDRINST usr/include/linux/dlm_device.h
  HDRINST usr/include/linux/dlm_netlink.h
  MUNGE   arch/arm64/kernel/vdso32/vdso.so.dbg
  VDSOSYM include/generated/vdso32-offsets.h
  HDRINST usr/include/linux/dlm_plock.h
  DTC     arch/arm64/boot/dts/vendor/qcom/lahainap-qrd-overlay.dtbo
  DTC     arch/arm64/boot/dts/vendor/qcom/lisa-sm7325-overlay.dtbo
  DTC     arch/arm64/boot/dts/vendor/qcom/mona-sm7325-overlay.dtbo
  HDRINST usr/include/linux/dlmconstants.h
  HDRINST usr/include/linux/dm-ioctl.h
  DTC     arch/arm64/boot/dts/vendor/qcom/renoir-sm7350-overlay.dtbo
  HDRINST usr/include/linux/dm-log-userspace.h
  HDRINST usr/include/linux/dma-buf.h
  DTC     arch/arm64/boot/dts/vendor/qcom/shima-atp-overlay.dtbo
  HDRINST usr/include/linux/dns_resolver.h
  DTC     arch/arm64/boot/dts/vendor/qcom/shima-idp-120fps-overlay.dtbo
  HDRINST usr/include/linux/dqblk_xfs.h
  DTC     arch/arm64/boot/dts/vendor/qcom/shima-idp-overlay.dtbo
  HDRINST usr/include/linux/dvb/audio.h
  HDRINST usr/include/linux/dvb/ca.h
  HDRINST usr/include/linux/dvb/dmx.h
  DTC     arch/arm64/boot/dts/vendor/qcom/shima-idps-digital-mics-120fps-overlay.dtbo
  HDRINST usr/include/linux/dvb/frontend.h
  DTC     arch/arm64/boot/dts/vendor/qcom/shima-idps-digital-mics-overlay.dtbo
  HDRINST usr/include/linux/dvb/net.h
  HDRINST usr/include/linux/dvb/osd.h
  HDRINST usr/include/linux/dvb/version.h
  DTC     arch/arm64/boot/dts/vendor/qcom/shima-qrd-overlay.dtbo
  HDRINST usr/include/linux/dvb/video.h
  DTC     arch/arm64/boot/dts/vendor/qcom/shima-rumi-overlay.dtbo
  DTC     arch/arm64/boot/dts/vendor/qcom/yupik-idp-hsp-overlay.dtbo
  HDRINST usr/include/linux/eavb_shared.h
  DTC     arch/arm64/boot/dts/vendor/qcom/yupik-iot-hsp-overlay.dtbo
  HDRINST usr/include/linux/edd.h
  HDRINST usr/include/linux/efs_fs_sb.h
  DTC     arch/arm64/boot/dts/vendor/qcom/yupik-iot-hsp-pm7250b-overlay.dtbo
  DTC     arch/arm64/boot/dts/vendor/qcom/yupik-iot-idp-overlay.dtbo
  HDRINST usr/include/linux/elf-em.h
  HDRINST usr/include/linux/elf-fdpic.h
  DTC     arch/arm64/boot/dts/vendor/qcom/yupik-iot-idp-pm7250b-overlay.dtbo
  HDRINST usr/include/linux/elf.h
  HDRINST usr/include/linux/elfcore.h
  DTC     arch/arm64/boot/dts/vendor/qcom/yupik-iot-idps-amoled-overlay.dtbo
  DTC     arch/arm64/boot/dts/vendor/qcom/yupik-iot-qrd-overlay.dtbo
  HDRINST usr/include/linux/errno.h
  HDRINST usr/include/linux/errqueue.h
  DTC     arch/arm64/boot/dts/vendor/qcom/yupikp-atp-overlay.dtbo
  DTC     arch/arm64/boot/dts/vendor/qcom/yupikp-idp-hsp-overlay.dtbo
  HDRINST usr/include/linux/erspan.h
  DTC     arch/arm64/boot/dts/vendor/qcom/yupikp-idp-overlay.dtbo
  DTC     arch/arm64/boot/dts/vendor/qcom/yupikp-idps-amoled-overlay.dtbo
  HDRINST usr/include/linux/esoc_ctrl.h
  DTC     arch/arm64/boot/dts/vendor/qcom/yupikp-iot-hsp-overlay.dtbo
  HDRINST usr/include/linux/ethtool.h
  DTC     arch/arm64/boot/dts/vendor/qcom/yupikp-iot-hsp-pm7250b-overlay.dtbo
  HDRINST usr/include/linux/eventpoll.h
  DTC     arch/arm64/boot/dts/vendor/qcom/yupikp-iot-idp-overlay.dtbo
  HDRINST usr/include/linux/fadvise.h
  HDRINST usr/include/linux/falloc.h
  DTC     arch/arm64/boot/dts/vendor/qcom/yupikp-iot-idp-pm7250b-overlay.dtbo
  HDRINST usr/include/linux/fanotify.h
  HDRINST usr/include/linux/fb.h
  HDRINST usr/include/linux/fcntl.h
  DTC     arch/arm64/boot/dts/vendor/qcom/yupikp-iot-idps-amoled-overlay.dtbo
  HDRINST usr/include/linux/fd.h
  DTC     arch/arm64/boot/dts/vendor/qcom/yupikp-iot-qrd-overlay.dtbo
  HDRINST usr/include/linux/fdreg.h
  DTC     arch/arm64/boot/dts/vendor/qcom/yupikp-qrd-overlay.dtbo
  HDRINST usr/include/linux/fib_rules.h
  HDRINST usr/include/linux/fiemap.h
  HDRINST usr/include/linux/filter.h
  HDRINST usr/include/linux/fips_status.h
  HDRINST usr/include/linux/firewire-cdev.h
  HDRINST usr/include/linux/firewire-constants.h
  HDRINST usr/include/linux/fou.h
  HDRINST usr/include/linux/fpga-dfl.h
  HDRINST usr/include/linux/fs.h
  HDRINST usr/include/linux/fscrypt.h
  HDRINST usr/include/linux/fsi.h
  HDRINST usr/include/linux/fsl_hypervisor.h
  HDRINST usr/include/linux/fsmap.h
  HDRINST usr/include/linux/fsverity.h
  HDRINST usr/include/linux/fuse.h
  HDRINST usr/include/linux/futex.h
  HDRINST usr/include/linux/gameport.h
  HDRINST usr/include/linux/gen_stats.h
  HDRINST usr/include/linux/genetlink.h
  HDRINST usr/include/linux/genwqe/genwqe_card.h
  HDRINST usr/include/linux/gfs2_ondisk.h
  HDRINST usr/include/linux/gigaset_dev.h
  HDRINST usr/include/linux/gpio.h
  HDRINST usr/include/linux/gsmmux.h
  HDRINST usr/include/linux/gtp.h
  HDRINST usr/include/linux/hab_ioctl.h
  HDRINST usr/include/linux/habmmid.h
  HDRINST usr/include/linux/hash_info.h
  HDRINST usr/include/linux/hdlc.h
  HDRINST usr/include/linux/hdlc/ioctl.h
  HDRINST usr/include/linux/hdlcdrv.h
  HDRINST usr/include/linux/hdreg.h
  HDRINST usr/include/linux/hgsl.h
  HDRINST usr/include/linux/hid.h
  DTBOIMG arch/arm64/boot/dtbo.img
  HDRINST usr/include/linux/hiddev.h
  HDRINST usr/include/linux/hidraw.h
  HDRINST usr/include/linux/hpet.h
  HDRINST usr/include/linux/hsi/cs-protocol.h
  HDRINST usr/include/linux/hsi/hsi_char.h
  HDRINST usr/include/linux/hsr_netlink.h
  HDRINST usr/include/linux/hw_breakpoint.h
  HDRINST usr/include/linux/hyperv.h
  HDRINST usr/include/linux/hysdn_if.h
  HDRINST usr/include/linux/i2c-dev.h
  HDRINST usr/include/linux/i2c.h
  HDRINST usr/include/linux/i2o-dev.h
  HDRINST usr/include/linux/i8k.h
  HDRINST usr/include/linux/icmp.h
  HDRINST usr/include/linux/icmpv6.h
  HDRINST usr/include/linux/if.h
  HDRINST usr/include/linux/if_addr.h
  HDRINST usr/include/linux/if_addrlabel.h
  HDRINST usr/include/linux/if_alg.h
  HDRINST usr/include/linux/if_arcnet.h
  HDRINST usr/include/linux/if_arp.h
  HDRINST usr/include/linux/if_bonding.h
  HDRINST usr/include/linux/if_bridge.h
  HDRINST usr/include/linux/if_cablemodem.h
  HDRINST usr/include/linux/if_eql.h
  HDRINST usr/include/linux/if_ether.h
  HDRINST usr/include/linux/if_fc.h
  HDRINST usr/include/linux/if_fddi.h
  HDRINST usr/include/linux/if_frad.h
  HDRINST usr/include/linux/if_hippi.h
  HDRINST usr/include/linux/if_infiniband.h
  HDRINST usr/include/linux/if_link.h
  HDRINST usr/include/linux/if_ltalk.h
  HDRINST usr/include/linux/if_macsec.h
  HDRINST usr/include/linux/if_packet.h
  HDRINST usr/include/linux/if_phonet.h
  HDRINST usr/include/linux/if_plip.h
  HDRINST usr/include/linux/if_ppp.h
  HDRINST usr/include/linux/if_pppol2tp.h
  HDRINST usr/include/linux/if_pppox.h
  HDRINST usr/include/linux/if_slip.h
  HDRINST usr/include/linux/if_team.h
  HDRINST usr/include/linux/if_tun.h
  HDRINST usr/include/linux/if_tunnel.h
  HDRINST usr/include/linux/if_vlan.h
  HDRINST usr/include/linux/if_x25.h
  HDRINST usr/include/linux/if_xdp.h
  HDRINST usr/include/linux/ife.h
  HDRINST usr/include/linux/igmp.h
  HDRINST usr/include/linux/iio/events.h
  HDRINST usr/include/linux/iio/types.h
  HDRINST usr/include/linux/ila.h
  HDRINST usr/include/linux/in.h
  HDRINST usr/include/linux/in6.h
  HDRINST usr/include/linux/incrementalfs.h
  HDRINST usr/include/linux/in_route.h
  HDRINST usr/include/linux/inet_diag.h
  HDRINST usr/include/linux/inotify.h
  HDRINST usr/include/linux/input-event-codes.h
  HDRINST usr/include/linux/ip.h
  HDRINST usr/include/linux/ip6_tunnel.h
  HDRINST usr/include/linux/ipmi.h
  HDRINST usr/include/linux/ipmi_bmc.h
  HDRINST usr/include/linux/ipv6.h
  HDRINST usr/include/linux/irqnr.h
  HDRINST usr/include/linux/ivtvfb.h
  HDRINST usr/include/linux/joystick.h
  HDRINST usr/include/linux/kcm.h
  HDRINST usr/include/linux/kcmp.h
  HDRINST usr/include/linux/kernel.h
  HDRINST usr/include/linux/kernelcapi.h
  HDRINST usr/include/linux/kexec.h
  HDRINST usr/include/linux/keyboard.h
  HDRINST usr/include/linux/kvm_para.h
  HDRINST usr/include/linux/l2tp.h
  HDRINST usr/include/linux/lightnvm.h
  HDRINST usr/include/linux/llc.h
  HDRINST usr/include/linux/loop.h
  HDRINST usr/include/linux/lwtunnel.h
  HDRINST usr/include/linux/magic.h
  HDRINST usr/include/linux/map_to_7segment.h
  HDRINST usr/include/linux/matroxfb.h
  HDRINST usr/include/linux/mempolicy.h
  HDRINST usr/include/linux/meye.h
  HDRINST usr/include/linux/mic_common.h
  HDRINST usr/include/linux/minix_fs.h
  HDRINST usr/include/linux/mman.h
  HDRINST usr/include/linux/mmc/ioctl.h
  HDRINST usr/include/linux/module.h
  HDRINST usr/include/linux/mount.h
  HDRINST usr/include/linux/mqueue.h
  HDRINST usr/include/linux/mroute6.h
  HDRINST usr/include/linux/msdos_fs.h
  HDRINST usr/include/linux/msm_dsps.h
  HDRINST usr/include/linux/msm_ion_ids.h
  HDRINST usr/include/linux/msm_kgsl.h
  HDRINST usr/include/linux/msm_npu.h
  HDRINST usr/include/linux/msm_rmnet.h
  HDRINST usr/include/linux/mtio.h
  HDRINST usr/include/linux/nbd.h
  HDRINST usr/include/linux/ndctl.h
  HDRINST usr/include/linux/net.h
  HDRINST usr/include/linux/net_dropmon.h
  HDRINST usr/include/linux/net_namespace.h
  HDRINST usr/include/linux/net_tstamp.h
  HDRINST usr/include/linux/netconf.h
  HDRINST usr/include/linux/netfilter.h
  HDRINST usr/include/linux/netfilter/ipset/ip_set.h
  HDRINST usr/include/linux/netfilter/ipset/ip_set_bitmap.h
  HDRINST usr/include/linux/netfilter/ipset/ip_set_hash.h
  HDRINST usr/include/linux/netfilter/ipset/ip_set_list.h
  HDRINST usr/include/linux/netfilter/nf_conntrack_common.h
  HDRINST usr/include/linux/netfilter/nf_conntrack_ftp.h
  HDRINST usr/include/linux/netfilter/nf_conntrack_sctp.h
  HDRINST usr/include/linux/netfilter/nf_conntrack_tcp.h
  HDRINST usr/include/linux/netfilter/nf_conntrack_tuple_common.h
  HDRINST usr/include/linux/netfilter/nf_log.h
  HDRINST usr/include/linux/netfilter/nf_nat.h
  HDRINST usr/include/linux/netfilter/nf_synproxy.h
  HDRINST usr/include/linux/netfilter/nf_tables.h
  HDRINST usr/include/linux/netfilter/nf_tables_compat.h
  HDRINST usr/include/linux/netfilter/nfnetlink.h
  HDRINST usr/include/linux/netfilter/nfnetlink_acct.h
  HDRINST usr/include/linux/netfilter/nfnetlink_compat.h
  HDRINST usr/include/linux/netfilter/nfnetlink_conntrack.h
  HDRINST usr/include/linux/netfilter/nfnetlink_cthelper.h
  HDRINST usr/include/linux/netfilter/nfnetlink_cttimeout.h
  HDRINST usr/include/linux/netfilter/nfnetlink_log.h
  HDRINST usr/include/linux/netfilter/nfnetlink_osf.h
  HDRINST usr/include/linux/netfilter/nfnetlink_queue.h
  HDRINST usr/include/linux/netfilter/x_tables.h
  HDRINST usr/include/linux/netfilter/xt_AUDIT.h
  HDRINST usr/include/linux/netfilter/xt_CHECKSUM.h
  HDRINST usr/include/linux/netfilter/xt_CLASSIFY.h
  HDRINST usr/include/linux/netfilter/xt_CONNMARK.h
  HDRINST usr/include/linux/netfilter/xt_CONNSECMARK.h
  HDRINST usr/include/linux/netfilter/xt_CT.h
  HDRINST usr/include/linux/netfilter/xt_DSCP.h
  HDRINST usr/include/linux/netfilter/xt_HMARK.h
  HDRINST usr/include/linux/netfilter/xt_IDLETIMER.h
  HDRINST usr/include/linux/netfilter/xt_LED.h
  HDRINST usr/include/linux/netfilter/xt_LOG.h
  HDRINST usr/include/linux/netfilter/xt_MARK.h
  HDRINST usr/include/linux/netfilter/xt_NFLOG.h
  HDRINST usr/include/linux/netfilter/xt_NFQUEUE.h
  HDRINST usr/include/linux/netfilter/xt_RATEEST.h
  HDRINST usr/include/linux/netfilter/xt_SECMARK.h
  HDRINST usr/include/linux/netfilter/xt_SYNPROXY.h
  HDRINST usr/include/linux/netfilter/xt_TCPMSS.h
  HDRINST usr/include/linux/netfilter/xt_TCPOPTSTRIP.h
  HDRINST usr/include/linux/netfilter/xt_TEE.h
  HDRINST usr/include/linux/netfilter/xt_TPROXY.h
  HDRINST usr/include/linux/netfilter/xt_addrtype.h
  HDRINST usr/include/linux/netfilter/xt_bpf.h
  HDRINST usr/include/linux/netfilter/xt_cgroup.h
  HDRINST usr/include/linux/netfilter/xt_cluster.h
  HDRINST usr/include/linux/netfilter/xt_comment.h
  HDRINST usr/include/linux/netfilter/xt_connbytes.h
  HDRINST usr/include/linux/netfilter/xt_connlabel.h
  HDRINST usr/include/linux/netfilter/xt_connlimit.h
  HDRINST usr/include/linux/netfilter/xt_connmark.h
  HDRINST usr/include/linux/netfilter/xt_conntrack.h
  HDRINST usr/include/linux/netfilter/xt_cpu.h
  HDRINST usr/include/linux/netfilter/xt_dccp.h
  HDRINST usr/include/linux/netfilter/xt_devgroup.h
  HDRINST usr/include/linux/netfilter/xt_dscp.h
  HDRINST usr/include/linux/netfilter/xt_ecn.h
  HDRINST usr/include/linux/netfilter/xt_esp.h
  HDRINST usr/include/linux/netfilter/xt_hashlimit.h
  HDRINST usr/include/linux/netfilter/xt_helper.h
  HDRINST usr/include/linux/netfilter/xt_ipcomp.h
  HDRINST usr/include/linux/netfilter/xt_iprange.h
  HDRINST usr/include/linux/netfilter/xt_ipvs.h
  HDRINST usr/include/linux/netfilter/xt_l2tp.h
  HDRINST usr/include/linux/netfilter/xt_length.h
  HDRINST usr/include/linux/netfilter/xt_limit.h
  HDRINST usr/include/linux/netfilter/xt_mac.h
  HDRINST usr/include/linux/netfilter/xt_mark.h
  HDRINST usr/include/linux/netfilter/xt_multiport.h
  HDRINST usr/include/linux/netfilter/xt_nfacct.h
  HDRINST usr/include/linux/netfilter/xt_osf.h
  HDRINST usr/include/linux/netfilter/xt_owner.h
  HDRINST usr/include/linux/netfilter/xt_physdev.h
  HDRINST usr/include/linux/netfilter/xt_pkttype.h
  HDRINST usr/include/linux/netfilter/xt_policy.h
  HDRINST usr/include/linux/netfilter/xt_quota.h
  HDRINST usr/include/linux/netfilter/xt_rateest.h
  HDRINST usr/include/linux/netfilter/xt_realm.h
  HDRINST usr/include/linux/netfilter/xt_recent.h
  HDRINST usr/include/linux/netfilter/xt_rpfilter.h
  HDRINST usr/include/linux/netfilter/xt_sctp.h
  HDRINST usr/include/linux/netfilter/xt_set.h
  HDRINST usr/include/linux/netfilter/xt_socket.h
  HDRINST usr/include/linux/netfilter/xt_state.h
  HDRINST usr/include/linux/netfilter/xt_statistic.h
  HDRINST usr/include/linux/netfilter/xt_string.h
  HDRINST usr/include/linux/netfilter/xt_tcpmss.h
  HDRINST usr/include/linux/netfilter/xt_tcpudp.h
  HDRINST usr/include/linux/netfilter/xt_time.h
  HDRINST usr/include/linux/netfilter/xt_u32.h
  HDRINST usr/include/linux/netfilter_arp/arp_tables.h
  HDRINST usr/include/linux/netfilter_arp/arpt_mangle.h
  HDRINST usr/include/linux/netfilter_bridge/ebt_802_3.h
  HDRINST usr/include/linux/netfilter_bridge/ebt_among.h
  HDRINST usr/include/linux/netfilter_bridge/ebt_arp.h
  HDRINST usr/include/linux/netfilter_bridge/ebt_arpreply.h
  HDRINST usr/include/linux/netfilter_bridge/ebt_ip.h
  HDRINST usr/include/linux/netfilter_bridge/ebt_ip6.h
  HDRINST usr/include/linux/netfilter_bridge/ebt_limit.h
  HDRINST usr/include/linux/netfilter_bridge/ebt_log.h
  HDRINST usr/include/linux/netfilter_bridge/ebt_mark_m.h
  HDRINST usr/include/linux/netfilter_bridge/ebt_mark_t.h
  HDRINST usr/include/linux/netfilter_bridge/ebt_nat.h
  HDRINST usr/include/linux/netfilter_bridge/ebt_nflog.h
  HDRINST usr/include/linux/netfilter_bridge/ebt_pkttype.h
  HDRINST usr/include/linux/netfilter_bridge/ebt_redirect.h
  HDRINST usr/include/linux/netfilter_bridge/ebt_stp.h
  HDRINST usr/include/linux/netfilter_bridge/ebt_vlan.h
  HDRINST usr/include/linux/netfilter_bridge/ebtables.h
  HDRINST usr/include/linux/netfilter_ipv6.h
  HDRINST usr/include/linux/netfilter_ipv6/ip6_tables.h
  HDRINST usr/include/linux/netfilter_ipv6/ip6t_HL.h
  HDRINST usr/include/linux/netfilter_ipv6/ip6t_LOG.h
  HDRINST usr/include/linux/netfilter_ipv6/ip6t_NPT.h
  HDRINST usr/include/linux/netfilter_ipv6/ip6t_REJECT.h
  HDRINST usr/include/linux/netfilter_ipv6/ip6t_ah.h
  HDRINST usr/include/linux/netfilter_ipv6/ip6t_frag.h
  HDRINST usr/include/linux/netfilter_ipv6/ip6t_hl.h
  HDRINST usr/include/linux/netfilter_ipv6/ip6t_ipv6header.h
  HDRINST usr/include/linux/netfilter_ipv6/ip6t_mh.h
  HDRINST usr/include/linux/netfilter_ipv6/ip6t_opts.h
  HDRINST usr/include/linux/netfilter_ipv6/ip6t_rt.h
  HDRINST usr/include/linux/netfilter_ipv6/ip6t_srh.h
  HDRINST usr/include/linux/netlink.h
  HDRINST usr/include/linux/netlink_diag.h
  HDRINST usr/include/linux/nfc.h
  HDRINST usr/include/linux/nfc/nfcinfo.h
  HDRINST usr/include/linux/nfs4.h
  HDRINST usr/include/linux/nfs_mount.h
  HDRINST usr/include/linux/nfsd/cld.h
  HDRINST usr/include/linux/nfsd/debug.h
  HDRINST usr/include/linux/nfsd/export.h
  HDRINST usr/include/linux/nfsd/nfsfh.h
  HDRINST usr/include/linux/nfsd/stats.h
  HDRINST usr/include/linux/nilfs2_api.h
  HDRINST usr/include/linux/nilfs2_ondisk.h
  HDRINST usr/include/linux/nl80211.h
  HDRINST usr/include/linux/nsfs.h
  HDRINST usr/include/linux/nubus.h
  HDRINST usr/include/linux/nvme_ioctl.h
  HDRINST usr/include/linux/nvram.h
  HDRINST usr/include/linux/oom.h
  HDRINST usr/include/linux/openvswitch.h
  HDRINST usr/include/linux/param.h
  HDRINST usr/include/linux/parport.h
  HDRINST usr/include/linux/patchkey.h
  HDRINST usr/include/linux/pcitest.h
  HDRINST usr/include/linux/perf_event.h
  HDRINST usr/include/linux/personality.h
  HDRINST usr/include/linux/pfkeyv2.h
  HDRINST usr/include/linux/pkt_cls.h
  HDRINST usr/include/linux/pmu.h
  HDRINST usr/include/linux/poll.h
  HDRINST usr/include/linux/posix_acl_xattr.h
  HDRINST usr/include/linux/ppdev.h
  HDRINST usr/include/linux/ppp-comp.h
  HDRINST usr/include/linux/ppp-ioctl.h
  HDRINST usr/include/linux/ppp_defs.h
  HDRINST usr/include/linux/pr.h
  HDRINST usr/include/linux/prctl.h
  HDRINST usr/include/linux/psci.h
  HDRINST usr/include/linux/ptp_clock.h
  HDRINST usr/include/linux/qbg-profile.h
  HDRINST usr/include/linux/qbg.h
  HDRINST usr/include/linux/qcedev.h
  HDRINST usr/include/linux/qnxtypes.h
  HDRINST usr/include/linux/qseecom.h
  HDRINST usr/include/linux/raw.h
  HDRINST usr/include/linux/reboot.h
  HDRINST usr/include/linux/reiserfs_xattr.h
  HDRINST usr/include/linux/rio_cm_cdev.h
  HDRINST usr/include/linux/rio_mport_cdev.h
  HDRINST usr/include/linux/rpmsg.h
  HDRINST usr/include/linux/rtc.h
  HDRINST usr/include/linux/rtnetlink.h
  HDRINST usr/include/linux/sched.h
  HDRINST usr/include/linux/scif_ioctl.h
  HDRINST usr/include/linux/screen_info.h
  HDRINST usr/include/linux/seccomp.h
  HDRINST usr/include/linux/securebits.h
  HDRINST usr/include/linux/sed-opal.h
  HDRINST usr/include/linux/seg6_hmac.h
  HDRINST usr/include/linux/serial_core.h
  HDRINST usr/include/linux/signal.h
  HDRINST usr/include/linux/smc.h
  HDRINST usr/include/linux/smcinvoke.h
  HDRINST usr/include/linux/smiapp.h
  HDRINST usr/include/linux/sonet.h
  HDRINST usr/include/linux/spcom.h
  HDRINST usr/include/linux/spss_utils.h
  HDRINST usr/include/linux/stm.h
  HDRINST usr/include/linux/string.h
  HDRINST usr/include/linux/sunrpc/debug.h
  HDRINST usr/include/linux/suspend_ioctls.h
  HDRINST usr/include/linux/swab.h
  HDRINST usr/include/linux/switchtec_ioctl.h
  HDRINST usr/include/linux/synclink.h
  HDRINST usr/include/linux/sysctl.h
  HDRINST usr/include/linux/taskstats.h
  HDRINST usr/include/linux/tc_act/tc_bpf.h
  HDRINST usr/include/linux/tc_act/tc_connmark.h
  HDRINST usr/include/linux/tc_act/tc_csum.h
  HDRINST usr/include/linux/tc_act/tc_ct.h
  HDRINST usr/include/linux/tc_act/tc_ctinfo.h
  HDRINST usr/include/linux/tc_act/tc_defact.h
  HDRINST usr/include/linux/tc_act/tc_gact.h
  HDRINST usr/include/linux/tc_act/tc_ife.h
  HDRINST usr/include/linux/tc_act/tc_ipt.h
  HDRINST usr/include/linux/tc_act/tc_mirred.h
  HDRINST usr/include/linux/tc_act/tc_mpls.h
  HDRINST usr/include/linux/tc_act/tc_nat.h
  HDRINST usr/include/linux/tc_act/tc_pedit.h
  HDRINST usr/include/linux/tc_act/tc_sample.h
  HDRINST usr/include/linux/tc_act/tc_skbedit.h
  HDRINST usr/include/linux/tc_act/tc_skbmod.h
  HDRINST usr/include/linux/tc_act/tc_tunnel_key.h
  HDRINST usr/include/linux/tc_act/tc_vlan.h
  HDRINST usr/include/linux/tc_ematch/tc_em_cmp.h
  HDRINST usr/include/linux/tc_ematch/tc_em_ipt.h
  HDRINST usr/include/linux/tc_ematch/tc_em_meta.h
  HDRINST usr/include/linux/tc_ematch/tc_em_nbyte.h
  HDRINST usr/include/linux/tc_ematch/tc_em_text.h
  HDRINST usr/include/linux/tcp.h
  HDRINST usr/include/linux/tcp_metrics.h
  HDRINST usr/include/linux/tee.h
  HDRINST usr/include/linux/thermal.h
  HDRINST usr/include/linux/timerfd.h
  HDRINST usr/include/linux/tipc_config.h
  HDRINST usr/include/linux/tipc_sockets_diag.h
  HDRINST usr/include/linux/tls.h
  HDRINST usr/include/linux/toshiba.h
  HDRINST usr/include/linux/types.h
  HDRINST usr/include/linux/udmabuf.h
  HDRINST usr/include/linux/uleds.h
  HDRINST usr/include/linux/un.h
  HDRINST usr/include/linux/unistd.h
  HDRINST usr/include/linux/usbdevice_fs.h
  HDRINST usr/include/linux/userfaultfd.h
  HDRINST usr/include/linux/userio.h
  HDRINST usr/include/linux/utime.h
  HDRINST usr/include/linux/utsname.h
  HDRINST usr/include/linux/uvcvideo.h
  HDRINST usr/include/linux/v4l2-dv-timings.h
  HDRINST usr/include/linux/v4l2-subdev.h
  HDRINST usr/include/linux/vboxguest.h
  HDRINST usr/include/linux/veth.h
  HDRINST usr/include/linux/vfio.h
  HDRINST usr/include/linux/vhost.h
  HDRINST usr/include/linux/videodev2.h
  HDRINST usr/include/linux/virtio_9p.h
  HDRINST usr/include/linux/virtio_balloon.h
  HDRINST usr/include/linux/virtio_blk.h
  HDRINST usr/include/linux/virtio_net.h
  HDRINST usr/include/linux/virtio_pci.h
  HDRINST usr/include/linux/virtio_scsi.h
  HDRINST usr/include/linux/vm_sockets.h
  HDRINST usr/include/linux/vmcore.h
  HDRINST usr/include/linux/vt.h
  HDRINST usr/include/linux/watch_queue.h
  HDRINST usr/include/linux/watchdog.h
  HDRINST usr/include/linux/wireless.h
  HDRINST usr/include/linux/xdp_diag.h
  HDRINST usr/include/linux/xfrm.h
  HDRINST usr/include/linux/xilinx-v4l2-controls.h
  HDRINST usr/include/linux/zorro.h
  HDRINST usr/include/linux/input.h
  HDRINST usr/include/linux/io_uring.h
  HDRINST usr/include/linux/ioctl.h
  HDRINST usr/include/linux/iommu.h
  HDRINST usr/include/linux/ion.h
  HDRINST usr/include/linux/ip_vs.h
  HDRINST usr/include/linux/ipa_qmi_service_v01.h
  HDRINST usr/include/linux/ipc.h
  HDRINST usr/include/linux/ipmi_msgdefs.h
  HDRINST usr/include/linux/ipsec.h
  HDRINST usr/include/linux/ipv6_route.h
  HDRINST usr/include/linux/ipx.h
  HDRINST usr/include/linux/isdn/capicmd.h
  HDRINST usr/include/linux/iso_fs.h
  HDRINST usr/include/linux/ispv2_ioparam.h
  HDRINST usr/include/linux/isst_if.h
  HDRINST usr/include/linux/ivtv.h
  HDRINST usr/include/linux/jffs2.h
  HDRINST usr/include/linux/kcov.h
  HDRINST usr/include/linux/kd.h
  HDRINST usr/include/linux/kdev_t.h
  HDRINST usr/include/linux/kernel-page-flags.h
  HDRINST usr/include/linux/keyctl.h
  HDRINST usr/include/linux/kfd_ioctl.h
  HDRINST usr/include/linux/kvm.h
  HDRINST usr/include/linux/libc-compat.h
  HDRINST usr/include/linux/limits.h
  HDRINST usr/include/linux/lirc.h
  HDRINST usr/include/linux/lp.h
  HDRINST usr/include/linux/major.h
  HDRINST usr/include/linux/max2175.h
  HDRINST usr/include/linux/mdio.h
  HDRINST usr/include/linux/media-bus-format.h
  HDRINST usr/include/linux/media.h
  HDRINST usr/include/linux/mei.h
  HDRINST usr/include/linux/mem-buf.h
  HDRINST usr/include/linux/membarrier.h
  HDRINST usr/include/linux/memfd.h
  HDRINST usr/include/linux/mhi.h
  HDRINST usr/include/linux/mic_ioctl.h
  HDRINST usr/include/linux/mii.h
  HDRINST usr/include/linux/mmtimer.h
  HDRINST usr/include/linux/mpls.h
  HDRINST usr/include/linux/mpls_iptunnel.h
  HDRINST usr/include/linux/mroute.h
  HDRINST usr/include/linux/msg.h
  HDRINST usr/include/linux/msm_geni_serial.h
  HDRINST usr/include/linux/msm_ion.h
  HDRINST usr/include/linux/msm_ipa.h
  HDRINST usr/include/linux/n_r3964.h
  HDRINST usr/include/linux/nbd-netlink.h
  HDRINST usr/include/linux/ncsi.h
  HDRINST usr/include/linux/neighbour.h
  HDRINST usr/include/linux/netdevice.h
  HDRINST usr/include/linux/netfilter_arp.h
  HDRINST usr/include/linux/netfilter_bridge.h
  HDRINST usr/include/linux/netfilter_ipv4.h
  HDRINST usr/include/linux/netfilter_ipv4/ip_tables.h
  HDRINST usr/include/linux/netfilter_ipv4/ipt_CLUSTERIP.h
  HDRINST usr/include/linux/netfilter_ipv4/ipt_ECN.h
  HDRINST usr/include/linux/netfilter_ipv4/ipt_LOG.h
  HDRINST usr/include/linux/netfilter_ipv4/ipt_NATTYPE.h
  HDRINST usr/include/linux/netfilter_ipv4/ipt_REJECT.h
  HDRINST usr/include/linux/netfilter_ipv4/ipt_TRIGGER.h
  HDRINST usr/include/linux/netfilter_ipv4/ipt_TTL.h
  HDRINST usr/include/linux/netfilter_ipv4/ipt_ah.h
  HDRINST usr/include/linux/netfilter_ipv4/ipt_ecn.h
  HDRINST usr/include/linux/netfilter_ipv4/ipt_ttl.h
  HDRINST usr/include/linux/netrom.h
  HDRINST usr/include/linux/nexthop.h
  HDRINST usr/include/linux/nfs.h
  HDRINST usr/include/linux/nfs2.h
  HDRINST usr/include/linux/nfs3.h
  HDRINST usr/include/linux/nfs4_mount.h
  HDRINST usr/include/linux/nfs_fs.h
  HDRINST usr/include/linux/nfs_idmap.h
  HDRINST usr/include/linux/nfsacl.h
  HDRINST usr/include/linux/omap3isp.h
  HDRINST usr/include/linux/omapfb.h
  HDRINST usr/include/linux/packet_diag.h
  HDRINST usr/include/linux/pci.h
  HDRINST usr/include/linux/pci_regs.h
  HDRINST usr/include/linux/pg.h
  HDRINST usr/include/linux/phantom.h
  HDRINST usr/include/linux/phonet.h
  HDRINST usr/include/linux/pkt_sched.h
  HDRINST usr/include/linux/pktcdvd.h
  HDRINST usr/include/linux/posix_acl.h
  HDRINST usr/include/linux/posix_types.h
  HDRINST usr/include/linux/pps.h
  HDRINST usr/include/linux/psample.h
  HDRINST usr/include/linux/psp-sev.h
  HDRINST usr/include/linux/ptrace.h
  HDRINST usr/include/linux/qbt_handler.h
  HDRINST usr/include/linux/qcota.h
  HDRINST usr/include/linux/qemu_fw_cfg.h
  HDRINST usr/include/linux/qg-profile.h
  HDRINST usr/include/linux/qg.h
  HDRINST usr/include/linux/qnx4_fs.h
  HDRINST usr/include/linux/qrng.h
  HDRINST usr/include/linux/qrtr.h
  HDRINST usr/include/linux/quota.h
  HDRINST usr/include/linux/radeonfb.h
  HDRINST usr/include/linux/raid/md_p.h
  HDRINST usr/include/linux/raid/md_u.h
  HDRINST usr/include/linux/random.h
  HDRINST usr/include/linux/rds.h
  HDRINST usr/include/linux/reiserfs_fs.h
  HDRINST usr/include/linux/resource.h
  HDRINST usr/include/linux/rfkill.h
  HDRINST usr/include/linux/rmnet_data.h
  HDRINST usr/include/linux/rmnet_ipa_fd_ioctl.h
  HDRINST usr/include/linux/romfs_fs.h
  HDRINST usr/include/linux/rose.h
  HDRINST usr/include/linux/route.h
  HDRINST usr/include/linux/rseq.h
  HDRINST usr/include/linux/rxrpc.h
  HDRINST usr/include/linux/scc.h
  HDRINST usr/include/linux/sched/types.h
  HDRINST usr/include/linux/sctp.h
  HDRINST usr/include/linux/sdla.h
  HDRINST usr/include/linux/seg6.h
  HDRINST usr/include/linux/seg6_genl.h
  HDRINST usr/include/linux/seg6_iptunnel.h
  HDRINST usr/include/linux/seg6_local.h
  HDRINST usr/include/linux/selinux_netlink.h
  HDRINST usr/include/linux/sem.h
  HDRINST usr/include/linux/serial.h
  HDRINST usr/include/linux/serial_reg.h
  HDRINST usr/include/linux/serio.h
  HDRINST usr/include/linux/shm.h
  HDRINST usr/include/linux/signalfd.h
  HDRINST usr/include/linux/slatecom_interface.h
  HDRINST usr/include/linux/smc_diag.h
  HDRINST usr/include/linux/snmp.h
  HDRINST usr/include/linux/sock_diag.h
  HDRINST usr/include/linux/socket.h
  HDRINST usr/include/linux/sockios.h
  HDRINST usr/include/linux/sonypi.h
  HDRINST usr/include/linux/sound.h
  HDRINST usr/include/linux/soundcard.h
  HDRINST usr/include/linux/spi/spidev.h
  HDRINST usr/include/linux/stat.h
  HDRINST usr/include/linux/stddef.h
  HDRINST usr/include/linux/sync_file.h
  HDRINST usr/include/linux/sysinfo.h
  HDRINST usr/include/linux/sysstats.h
  HDRINST usr/include/linux/target_core_user.h
  HDRINST usr/include/linux/termios.h
  HDRINST usr/include/linux/time.h
  HDRINST usr/include/linux/time_types.h
  HDRINST usr/include/linux/times.h
  HDRINST usr/include/linux/timex.h
  HDRINST usr/include/linux/tiocl.h
  HDRINST usr/include/linux/tipc.h
  HDRINST usr/include/linux/tipc_netlink.h
  HDRINST usr/include/linux/tty.h
  HDRINST usr/include/linux/tty_flags.h
  HDRINST usr/include/linux/udf_fs_i.h
  HDRINST usr/include/linux/udp.h
  HDRINST usr/include/linux/uhid.h
  HDRINST usr/include/linux/uinput.h
  HDRINST usr/include/linux/uio.h
  HDRINST usr/include/linux/ultrasound.h
  HDRINST usr/include/linux/unix_diag.h
  HDRINST usr/include/linux/usb/audio.h
  HDRINST usr/include/linux/usb/cdc-wdm.h
  HDRINST usr/include/linux/usb/cdc.h
  HDRINST usr/include/linux/usb/ch11.h
  HDRINST usr/include/linux/usb/ch9.h
  HDRINST usr/include/linux/usb/charger.h
  HDRINST usr/include/linux/usb/f_accessory.h
  HDRINST usr/include/linux/usb/functionfs.h
  HDRINST usr/include/linux/usb/g_printer.h
  HDRINST usr/include/linux/usb/g_uvc.h
  HDRINST usr/include/linux/usb/gadgetfs.h
  HDRINST usr/include/linux/usb/midi.h
  HDRINST usr/include/linux/usb/raw_gadget.h
  HDRINST usr/include/linux/usb/tmc.h
  HDRINST usr/include/linux/usb/usb_ctrl_qti.h
  HDRINST usr/include/linux/usb/video.h
  HDRINST usr/include/linux/usbip.h
  HDRINST usr/include/linux/uuid.h
  HDRINST usr/include/linux/v4l2-common.h
  HDRINST usr/include/linux/v4l2-controls.h
  HDRINST usr/include/linux/v4l2-mediabus.h
  HDRINST usr/include/linux/vbox_err.h
  HDRINST usr/include/linux/vbox_vmmdev_types.h
  HDRINST usr/include/linux/vfio_ccw.h
  HDRINST usr/include/linux/vhost_types.h
  HDRINST usr/include/linux/virtio_config.h
  HDRINST usr/include/linux/virtio_console.h
  HDRINST usr/include/linux/virtio_crypto.h
  HDRINST usr/include/linux/virtio_fs.h
  HDRINST usr/include/linux/virtio_gpu.h
  HDRINST usr/include/linux/virtio_ids.h
  HDRINST usr/include/linux/virtio_input.h
  HDRINST usr/include/linux/virtio_iommu.h
  HDRINST usr/include/linux/virtio_mmio.h
  HDRINST usr/include/linux/virtio_pmem.h
  HDRINST usr/include/linux/virtio_ring.h
  HDRINST usr/include/linux/virtio_rng.h
  HDRINST usr/include/linux/virtio_types.h
  HDRINST usr/include/linux/virtio_vsock.h
  HDRINST usr/include/linux/vm_sockets_diag.h
  HDRINST usr/include/linux/vsockmon.h
  HDRINST usr/include/linux/vtpm_proxy.h
  HDRINST usr/include/linux/wait.h
  HDRINST usr/include/linux/wil6210_uapi.h
  HDRINST usr/include/linux/wimax.h
  HDRINST usr/include/linux/wimax/i2400m.h
  HDRINST usr/include/linux/wmi.h
  HDRINST usr/include/linux/x25.h
  HDRINST usr/include/linux/xattr.h
  HDRINST usr/include/linux/zorro_ids.h
  HDRINST usr/include/media/msm_cvp_private.h
  HDRINST usr/include/media/radio-iris-commands.h
  HDRINST usr/include/media/radio-iris.h
  HDRINST usr/include/media/synx.h
  HDRINST usr/include/misc/cxl.h
  HDRINST usr/include/misc/fastrpc.h
  HDRINST usr/include/misc/habanalabs.h
  HDRINST usr/include/misc/ocxl.h
  HDRINST usr/include/misc/wigig_sensing_uapi.h
  HDRINST usr/include/misc/xilinx_sdfec.h
  HDRINST usr/include/mtd/inftl-user.h
  HDRINST usr/include/mtd/mtd-abi.h
  HDRINST usr/include/mtd/mtd-user.h
  HDRINST usr/include/mtd/nftl-user.h
  HDRINST usr/include/mtd/ubi-user.h
  HDRINST usr/include/rdma/bnxt_re-abi.h
  HDRINST usr/include/rdma/cxgb3-abi.h
  HDRINST usr/include/rdma/cxgb4-abi.h
  HDRINST usr/include/rdma/efa-abi.h
  HDRINST usr/include/rdma/hfi/hfi1_ioctl.h
  HDRINST usr/include/rdma/hfi/hfi1_user.h
  HDRINST usr/include/rdma/hns-abi.h
  HDRINST usr/include/rdma/i40iw-abi.h
  HDRINST usr/include/rdma/ib_user_ioctl_cmds.h
  HDRINST usr/include/rdma/ib_user_ioctl_verbs.h
  HDRINST usr/include/rdma/ib_user_mad.h
  HDRINST usr/include/rdma/ib_user_sa.h
  HDRINST usr/include/rdma/ib_user_verbs.h
  HDRINST usr/include/rdma/mlx4-abi.h
  HDRINST usr/include/rdma/mlx5-abi.h
  HDRINST usr/include/rdma/mlx5_user_ioctl_cmds.h
  HDRINST usr/include/rdma/mlx5_user_ioctl_verbs.h
  HDRINST usr/include/rdma/mthca-abi.h
  HDRINST usr/include/rdma/ocrdma-abi.h
  HDRINST usr/include/rdma/qedr-abi.h
  HDRINST usr/include/rdma/rdma_netlink.h
  HDRINST usr/include/rdma/rdma_user_cm.h
  HDRINST usr/include/rdma/rdma_user_ioctl.h
  HDRINST usr/include/rdma/rdma_user_ioctl_cmds.h
  HDRINST usr/include/rdma/rdma_user_rxe.h
  HDRINST usr/include/rdma/rvt-abi.h
  HDRINST usr/include/rdma/siw-abi.h
  HDRINST usr/include/rdma/vmw_pvrdma-abi.h
  HDRINST usr/include/scsi/cxlflash_ioctl.h
  HDRINST usr/include/scsi/fc/fc_els.h
  HDRINST usr/include/scsi/fc/fc_fs.h
  HDRINST usr/include/scsi/fc/fc_gs.h
  HDRINST usr/include/scsi/fc/fc_ns.h
  HDRINST usr/include/scsi/scsi_bsg_fc.h
  HDRINST usr/include/scsi/scsi_bsg_ufs.h
  HDRINST usr/include/scsi/scsi_netlink.h
  HDRINST usr/include/scsi/scsi_netlink_fc.h
  HDRINST usr/include/sound/asequencer.h
  HDRINST usr/include/sound/asoc.h
  HDRINST usr/include/sound/asound.h
  HDRINST usr/include/sound/asound_fm.h
  HDRINST usr/include/sound/compress_offload.h
  HDRINST usr/include/sound/compress_params.h
  HDRINST usr/include/sound/emu10k1.h
  HDRINST usr/include/sound/firewire.h
  HDRINST usr/include/sound/hdsp.h
  HDRINST usr/include/sound/hdspm.h
  HDRINST usr/include/sound/sb16_csp.h
  HDRINST usr/include/sound/sfnt_info.h
  HDRINST usr/include/sound/skl-tplg-interface.h
  HDRINST usr/include/sound/snd_sst_tokens.h
  HDRINST usr/include/sound/sof/abi.h
  HDRINST usr/include/sound/sof/fw.h
  HDRINST usr/include/sound/sof/header.h
  HDRINST usr/include/sound/sof/tokens.h
  HDRINST usr/include/sound/tlv.h
  HDRINST usr/include/sound/usb_stream.h
  HDRINST usr/include/video/edid.h
  HDRINST usr/include/video/sisfb.h
  HDRINST usr/include/video/uvesafb.h
  HDRINST usr/include/xen/evtchn.h
  HDRINST usr/include/xen/gntalloc.h
  HDRINST usr/include/xen/gntdev.h
  HDRINST usr/include/xen/privcmd.h
  HDRINST usr/include/linux/version.h
  HDRINST usr/include/asm/auxvec.h
  HDRINST usr/include/asm/bitsperlong.h
  HDRINST usr/include/asm/bpf_perf_event.h
  HDRINST usr/include/asm/byteorder.h
  HDRINST usr/include/asm/fcntl.h
  HDRINST usr/include/asm/hwcap.h
  HDRINST usr/include/asm/kvm.h
  HDRINST usr/include/asm/param.h
  HDRINST usr/include/asm/perf_regs.h
  HDRINST usr/include/asm/posix_types.h
  HDRINST usr/include/asm/ptrace.h
  HDRINST usr/include/asm/setup.h
  HDRINST usr/include/asm/sigcontext.h
  HDRINST usr/include/asm/signal.h
  HDRINST usr/include/asm/statfs.h
  HDRINST usr/include/asm/sve_context.h
  HDRINST usr/include/asm/ucontext.h
  HDRINST usr/include/asm/unistd.h
  HDRINST usr/include/asm/kvm_para.h
  HDRINST usr/include/asm/errno.h
  HDRINST usr/include/asm/ioctl.h
  HDRINST usr/include/asm/ioctls.h
  HDRINST usr/include/asm/ipcbuf.h
  HDRINST usr/include/asm/mman.h
  HDRINST usr/include/asm/msgbuf.h
  HDRINST usr/include/asm/poll.h
  HDRINST usr/include/asm/resource.h
  HDRINST usr/include/asm/sembuf.h
  HDRINST usr/include/asm/shmbuf.h
  HDRINST usr/include/asm/siginfo.h
  HDRINST usr/include/asm/socket.h
  HDRINST usr/include/asm/sockios.h
  HDRINST usr/include/asm/stat.h
  HDRINST usr/include/asm/swab.h
  HDRINST usr/include/asm/termbits.h
  HDRINST usr/include/asm/termios.h
  HDRINST usr/include/asm/types.h
  HDRINST usr/include/audio/linux/avtimer.h
  HDRINST usr/include/audio/linux/mfd/wcd9xxx/wcd9320_registers.h
  HDRINST usr/include/audio/linux/mfd/wcd9xxx/wcd9xxx_registers.h
  HDRINST usr/include/audio/linux/msm_audio.h
  HDRINST usr/include/audio/linux/msm_audio_aac.h
  HDRINST usr/include/audio/linux/msm_audio_ac3.h
  HDRINST usr/include/audio/linux/msm_audio_alac.h
  HDRINST usr/include/audio/linux/msm_audio_amrnb.h
  HDRINST usr/include/audio/linux/msm_audio_amrwb.h
  HDRINST usr/include/audio/linux/msm_audio_amrwbplus.h
  HDRINST usr/include/audio/linux/msm_audio_ape.h
  HDRINST usr/include/audio/linux/msm_audio_ar.h
  HDRINST usr/include/audio/linux/msm_audio_calibration.h
  HDRINST usr/include/audio/linux/msm_audio_g711.h
  HDRINST usr/include/audio/linux/msm_audio_g711_dec.h
  HDRINST usr/include/audio/linux/msm_audio_mvs.h
  HDRINST usr/include/audio/linux/msm_audio_qcp.h
  HDRINST usr/include/audio/linux/msm_audio_sbc.h
  HDRINST usr/include/audio/linux/msm_audio_voicememo.h
  HDRINST usr/include/audio/linux/msm_audio_wma.h
  HDRINST usr/include/audio/linux/msm_audio_wmapro.h
  HDRINST usr/include/audio/linux/wcd-spi-ac-params.h
  HDRINST usr/include/audio/sound/audio_compressed_formats.h
  HDRINST usr/include/audio/sound/audio_effects.h
  HDRINST usr/include/audio/sound/audio_slimslave.h
  HDRINST usr/include/audio/sound/devdep_params.h
  HDRINST usr/include/audio/sound/lsm_params.h
  HDRINST usr/include/audio/sound/msm-cirrus-playback.h
  HDRINST usr/include/audio/sound/msmcal-hwdep.h
  HDRINST usr/include/audio/sound/voice_params.h
  HDRINST usr/include/audio/sound/wcd-dsp-glink.h
  HDRINST usr/include/camera/media/cam_cpas.h
  HDRINST usr/include/camera/media/cam_custom.h
  HDRINST usr/include/camera/media/cam_defs.h
  HDRINST usr/include/camera/media/cam_fd.h
  HDRINST usr/include/camera/media/cam_icp.h
  HDRINST usr/include/camera/media/cam_isp.h
  HDRINST usr/include/camera/media/cam_isp_ife.h
  HDRINST usr/include/camera/media/cam_isp_sfe.h
  HDRINST usr/include/camera/media/cam_isp_tfe.h
  HDRINST usr/include/camera/media/cam_isp_vfe.h
  HDRINST usr/include/camera/media/cam_jpeg.h
  HDRINST usr/include/camera/media/cam_lrme.h
  HDRINST usr/include/camera/media/cam_ope.h
  HDRINST usr/include/camera/media/cam_req_mgr.h
  HDRINST usr/include/camera/media/cam_sensor.h
  HDRINST usr/include/camera/media/cam_sync.h
  HDRINST usr/include/camera/media/cam_tfe.h
  HDRINST usr/include/camera/media/cam_cpas.h
  HDRINST usr/include/camera/media/cam_custom.h
  HDRINST usr/include/camera/media/cam_defs.h
  HDRINST usr/include/camera/media/cam_fd.h
  HDRINST usr/include/camera/media/cam_icp.h
  HDRINST usr/include/camera/media/cam_isp.h
  HDRINST usr/include/camera/media/cam_isp_ife.h
  HDRINST usr/include/camera/media/cam_isp_sfe.h
  HDRINST usr/include/camera/media/cam_isp_tfe.h
  HDRINST usr/include/camera/media/cam_isp_vfe.h
  HDRINST usr/include/camera/media/cam_jpeg.h
  HDRINST usr/include/camera/media/cam_lrme.h
  HDRINST usr/include/camera/media/cam_ope.h
  HDRINST usr/include/camera/media/cam_req_mgr.h
  HDRINST usr/include/camera/media/cam_sensor.h
  HDRINST usr/include/camera/media/cam_sync.h
  HDRINST usr/include/camera/media/cam_tfe.h
  HDRINST usr/include/display/drm/mi_disp.h
  HDRINST usr/include/display/drm/msm_drm_pp.h
  HDRINST usr/include/display/drm/sde_drm.h
  HDRINST usr/include/display/hdcp/msm_hdmi_hdcp_mgr.h
  HDRINST usr/include/display/media/mmm_color_fmt.h
  HDRINST usr/include/display/media/msm_sde_rotator.h
  HDRINST usr/include/vidc/media/msm_media_info.h
  HDRINST usr/include/vidc/media/msm_vidc_utils.h
  CC      init/main.o
  CHK     include/generated/compile.h
  CC      init/do_mounts.o
  CC      init/do_mounts_rd.o
  CC      init/do_mounts_initrd.o
  UPD     include/generated/compile.h
  HOSTCC  usr/gen_init_cpio
  CC      arch/arm64/crypto/sha1-ce-glue.o
  CC      arch/arm64/kernel/probes/kprobes.o
  HDRTEST usr/include/asm-generic/auxvec.h
  HDRTEST usr/include/asm-generic/bpf_perf_event.h
  HDRTEST usr/include/asm-generic/bitsperlong.h
  AS      arch/arm64/crypto/sha1-ce-core.o
  HDRTEST usr/include/asm-generic/errno-base.h
  CC      arch/arm64/crypto/sha2-ce-glue.o
  HDRTEST usr/include/asm-generic/errno.h
  HDRTEST usr/include/asm-generic/fcntl.h
  CC      init/initramfs.o
  HDRTEST usr/include/asm-generic/hugetlb_encode.h
  CC      arch/arm64/kernel/probes/decode-insn.o
  HDRTEST usr/include/asm-generic/int-l64.h
  HDRTEST usr/include/asm-generic/int-ll64.h
  CC      init/calibrate.o
  HDRTEST usr/include/asm-generic/ioctl.h
  CC      init/init_task.o
  HDRTEST usr/include/asm-generic/ioctls.h
  HDRTEST usr/include/asm-generic/ipcbuf.h
  HDRTEST usr/include/asm-generic/kvm_para.h
  HDRTEST usr/include/asm-generic/mman-common.h
  HDRTEST usr/include/asm-generic/mman.h
  CC      init/version.o
  HDRTEST usr/include/asm-generic/msgbuf.h
  HDRTEST usr/include/asm-generic/param.h
  HDRTEST usr/include/asm-generic/poll.h
  AS      arch/arm64/kernel/probes/kprobes_trampoline.o
  HDRTEST usr/include/asm-generic/posix_types.h
  HDRTEST usr/include/asm-generic/resource.h
  CC      arch/arm64/kernel/probes/simulate-insn.o
  HDRTEST usr/include/asm-generic/sembuf.h
  AS      arch/arm64/crypto/sha2-ce-core.o
  HDRTEST usr/include/asm-generic/setup.h
  HDRTEST usr/include/asm-generic/shmbuf.h
  HDRTEST usr/include/asm-generic/siginfo.h
  AS      arch/arm64/crypto/aes-ce-core.o
  HDRTEST usr/include/asm-generic/signal-defs.h
  CC      arch/arm64/crypto/aes-ce-glue.o
  HDRTEST usr/include/asm-generic/signal.h
  HDRTEST usr/include/asm-generic/socket.h
  CC      arch/arm64/crypto/aes-glue-ce.o
  HDRTEST usr/include/asm-generic/sockios.h
  HDRTEST usr/include/asm-generic/stat.h
  HDRTEST usr/include/asm-generic/statfs.h
  AS      arch/arm64/crypto/aes-ce.o
  HDRTEST usr/include/asm-generic/swab.h
  HDRTEST usr/include/asm-generic/termbits.h
  HDRTEST usr/include/asm-generic/termios.h
  CC      arch/arm64/crypto/sha256-glue.o
  HDRTEST usr/include/asm-generic/types.h
  SHIPPED arch/arm64/crypto/sha256-core.S
  CC      arch/arm64/kernel/probes/uprobes.o
  HDRTEST usr/include/asm-generic/unistd.h
  HDRTEST usr/include/asm-generic/ucontext.h
  AS      arch/arm64/crypto/aes-cipher-core.o
  CC      arch/arm64/crypto/aes-cipher-glue.o
  AR      init/built-in.a
  HDRTEST usr/include/drm/amdgpu_drm.h
  GEN     usr/initramfs_data.cpio
  HDRTEST usr/include/drm/drm.h
  HDRTEST usr/include/drm/armada_drm.h
  HDRTEST usr/include/drm/drm_fourcc.h
  CC      certs/system_keyring.o
  EXTRACT_CERTS   
  HDRTEST usr/include/drm/drm_mode.h
  CC      certs/common.o
  AS      arch/arm64/crypto/sha256-core.o
  HDRTEST usr/include/drm/drm_sarea.h
  CC      kernel/bpf/core.o
  CC      kernel/bpf/syscall.o
  CC      kernel/bpf/verifier.o
  HDRTEST usr/include/drm/etnaviv_drm.h
  HDRTEST usr/include/drm/exynos_drm.h
  AR      arch/arm64/kernel/probes/built-in.a
  HDRTEST usr/include/drm/i810_drm.h
  HDRTEST usr/include/drm/i915_drm.h
  OBJCOPY arch/arm64/kernel/vdso/vdso.so
  HDRTEST usr/include/drm/lima_drm.h
  AS      arch/arm64/kernel/vdso/vdso.o
  AS      certs/system_certificates.o
  HDRTEST usr/include/drm/mga_drm.h
  AR      arch/arm64/kernel/vdso/built-in.a
  HDRTEST usr/include/drm/msm_drm.h
  CC      arch/arm64/kernel/debug-monitors.o
  HDRTEST usr/include/drm/nouveau_drm.h
  HDRTEST usr/include/drm/omap_drm.h
  HDRTEST usr/include/drm/panfrost_drm.h
  AR      arch/arm64/crypto/built-in.a
  HDRTEST usr/include/drm/qxl_drm.h
  AR      certs/built-in.a
  HDRTEST usr/include/drm/r128_drm.h
  HDRTEST usr/include/drm/radeon_drm.h
  CC      arch/arm64/mm/dma-mapping.o
  HDRTEST usr/include/drm/sis_drm.h
  HDRTEST usr/include/drm/savage_drm.h
  CC      mm/filemap.o
  OBJCOPY arch/arm64/kernel/vdso32/vdso.so
  HDRTEST usr/include/drm/tegra_drm.h
  AS      arch/arm64/kernel/vdso32/vdso.o
  HDRTEST usr/include/drm/v3d_drm.h
  AS      arch/arm64/kernel/entry.o
  HDRTEST usr/include/drm/vc4_drm.h
  AR      arch/arm64/kernel/vdso32/built-in.a
  HDRTEST usr/include/drm/vgem_drm.h
../arch/arm64/kernel/entry.S:498:2: warning: DWARF2 only supports one section per compilation unit
 .pushsection ".entry.text", "ax"
 ^
<instantiation>:3:2: warning: DWARF2 only supports one section per compilation unit
 .pushsection .altinstr_replacement, "ax"
 ^
<instantiation>:5:1: note: while in macro instantiation
alternative_else
^
<instantiation>:46:2: note: while in macro instantiation
 adr_this_cpu sp, overflow_stack + 0x00001000, x0
 ^
../arch/arm64/kernel/entry.S:502:2: note: while in macro instantiation
 kernel_ventry 1, sync_invalid
 ^
../arch/arm64/kernel/entry.S:1195:  CC      arch/arm64/kernel/irq.o
2: warning: DWARF2 only supports one section per compilation unit
 .pushsection ".entry.tramp.text", "ax"
 ^
  HDRTEST usr/include/drm/via_drm.h
  HDRTEST usr/include/drm/virtgpu_drm.h
  CC      arch/arm64/kernel/fpsimd.o
  HDRTEST usr/include/drm/vmwgfx_drm.h
  HDRTEST usr/include/linux/android/binder.h
  HDRTEST usr/include/linux/android/binderfs.h
  HDRTEST usr/include/linux/byteorder/little_endian.h
  HDRTEST usr/include/linux/byteorder/big_endian.h
  HDRTEST usr/include/linux/caif/caif_socket.h
  HDRTEST usr/include/linux/caif/if_caif.h
  AS      arch/arm64/kernel/entry-fpsimd.o
  HDRTEST usr/include/linux/can/bcm.h
  HDRTEST usr/include/linux/can/error.h
  CC      arch/arm64/mm/extable.o
  CC      arch/arm64/mm/fault.o
  HDRTEST usr/include/linux/can/gw.h
  HDRTEST usr/include/linux/can/j1939.h
  HDRTEST usr/include/linux/can/netlink.h
  HDRTEST usr/include/linux/can/raw.h
  CC      kernel/bpf/inode.o
  CC      kernel/bpf/helpers.o
  HDRTEST usr/include/linux/can/vxcan.h
  HDRTEST usr/include/linux/cifs/cifs_mount.h
  HDRTEST usr/include/linux/dvb/audio.h
  CC      mm/mempool.o
  CC      arch/arm64/kernel/process.o
  HDRTEST usr/include/linux/dvb/ca.h
  HDRTEST usr/include/linux/dvb/dmx.h
  HDRTEST usr/include/linux/dvb/frontend.h
  CC      arch/arm64/mm/init.o
  HDRTEST usr/include/linux/dvb/net.h
  HDRTEST usr/include/linux/dvb/video.h
  HDRTEST usr/include/linux/dvb/osd.h
  HDRTEST usr/include/linux/dvb/version.h
  HDRTEST usr/include/linux/genwqe/genwqe_card.h
  HDRTEST usr/include/linux/hdlc/ioctl.h
  CC      arch/arm64/kernel/ptrace.o
  HDRTEST usr/include/linux/hsi/cs-protocol.h
  HDRTEST usr/include/linux/hsi/hsi_char.h
  HDRTEST usr/include/linux/iio/events.h
  AS      arch/arm64/mm/cache.o
  HDRTEST usr/include/linux/iio/types.h
  CC      arch/arm64/kernel/setup.o
<instantiation>:3:2: warning: DWARF2 only supports one section per compilation unit
 .pushsection .altinstr_replacement, "ax"
 ^
<instantiation>:1:1: note: while in macro instantiation
alternative_else
^
<instantiation>:5:1: note: while in macro instantiation
alternative_else_nop_endif
^
../arch/arm64/mm/cache.S:114:2: note: while in macro instantiation
 uaccess_ttbr0_enable x2, x3, x4
 ^
  HDRTEST usr/include/linux/isdn/capicmd.h
  HDRTEST usr/include/linux/mmc/ioctl.h
  CC      arch/arm64/mm/copypage.o
  HDRTEST usr/include/linux/netfilter/ipset/ip_set.h
  CC      mm/oom_kill.o
  HDRTEST usr/include/linux/netfilter/ipset/ip_set_bitmap.h
  HDRTEST usr/include/linux/netfilter/ipset/ip_set_hash.h
  HDRTEST usr/include/linux/netfilter/ipset/ip_set_list.h
  HDRTEST usr/include/linux/netfilter/nf_conntrack_ftp.h
  HDRTEST usr/include/linux/netfilter/nf_conntrack_common.h
  HDRTEST usr/include/linux/netfilter/nf_log.h
  CC      arch/arm64/mm/flush.o
  HDRTEST usr/include/linux/netfilter/nf_conntrack_tcp.h
  HDRTEST usr/include/linux/netfilter/nf_nat.h
  HDRTEST usr/include/linux/netfilter/nf_conntrack_sctp.h
  CC      arch/arm64/kernel/signal.o
  CC      kernel/bpf/tnum.o
  HDRTEST usr/include/linux/netfilter/nf_conntrack_tuple_common.h
  HDRTEST usr/include/linux/netfilter/nf_synproxy.h
  HDRTEST usr/include/linux/netfilter/nf_tables_compat.h
  HDRTEST usr/include/linux/netfilter/nfnetlink.h
  CC      kernel/bpf/hashtab.o
  HDRTEST usr/include/linux/netfilter/nf_tables.h
  HDRTEST usr/include/linux/netfilter/nfnetlink_acct.h
  CC      mm/fadvise.o
  CC      mm/maccess.o
  HDRTEST usr/include/linux/netfilter/nfnetlink_compat.h
  HDRTEST usr/include/linux/netfilter/nfnetlink_conntrack.h
  HDRTEST usr/include/linux/netfilter/nfnetlink_cthelper.h
  HDRTEST usr/include/linux/netfilter/nfnetlink_cttimeout.h
  CC      arch/arm64/mm/ioremap.o
  HDRTEST usr/include/linux/netfilter/nfnetlink_log.h
  HDRTEST usr/include/linux/netfilter/nfnetlink_osf.h
  HDRTEST usr/include/linux/netfilter/nfnetlink_queue.h
  CC      arch/arm64/mm/mmap.o
  HDRTEST usr/include/linux/netfilter/x_tables.h
  HDRTEST usr/include/linux/netfilter/xt_AUDIT.h
  HDRTEST usr/include/linux/netfilter/xt_CHECKSUM.h
  CC      mm/page-writeback.o
  HDRTEST usr/include/linux/netfilter/xt_CLASSIFY.h
  HDRTEST usr/include/linux/netfilter/xt_HMARK.h
  CC      arch/arm64/kernel/sys.o
  HDRTEST usr/include/linux/netfilter/xt_CT.h
  CC      arch/arm64/mm/pgd.o
  HDRTEST usr/include/linux/netfilter/xt_CONNMARK.h
  HDRTEST usr/include/linux/netfilter/xt_CONNSECMARK.h
  HDRTEST usr/include/linux/netfilter/xt_IDLETIMER.h
  HDRTEST usr/include/linux/netfilter/xt_DSCP.h
  CC      kernel/bpf/arraymap.o
  HDRTEST usr/include/linux/netfilter/xt_LED.h
  CC      kernel/bpf/percpu_freelist.o
  CC      kernel/bpf/bpf_lru_list.o
  HDRTEST usr/include/linux/netfilter/xt_TCPMSS.h
  CC      arch/arm64/mm/mmu.o
  HDRTEST usr/include/linux/netfilter/xt_LOG.h
  HDRTEST usr/include/linux/netfilter/xt_MARK.h
  HDRTEST usr/include/linux/netfilter/xt_NFLOG.h
  CC      kernel/bpf/lpm_trie.o
  CC      arch/arm64/kernel/stacktrace.o
  HDRTEST usr/include/linux/netfilter/xt_NFQUEUE.h
  HDRTEST usr/include/linux/netfilter/xt_RATEEST.h
  HDRTEST usr/include/linux/netfilter/xt_SECMARK.h
  CC      kernel/bpf/map_in_map.o
  CC      arch/arm64/kernel/time.o
  HDRTEST usr/include/linux/netfilter/xt_SYNPROXY.h
  HDRTEST usr/include/linux/netfilter/xt_TEE.h
  HDRTEST usr/include/linux/netfilter/xt_TCPOPTSTRIP.h
  HDRTEST usr/include/linux/netfilter/xt_comment.h
  HDRTEST usr/include/linux/netfilter/xt_TPROXY.h
  HDRTEST usr/include/linux/netfilter/xt_addrtype.h
  CC      kernel/bpf/local_storage.o
  HDRTEST usr/include/linux/netfilter/xt_bpf.h
  HDRTEST usr/include/linux/netfilter/xt_connlimit.h
  HDRTEST usr/include/linux/netfilter/xt_cgroup.h
  HDRTEST usr/include/linux/netfilter/xt_cluster.h
  HDRTEST usr/include/linux/netfilter/xt_connlabel.h
  HDRTEST usr/include/linux/netfilter/xt_connbytes.h
  HDRTEST usr/include/linux/netfilter/xt_cpu.h
  CC      kernel/bpf/queue_stack_maps.o
  HDRTEST usr/include/linux/netfilter/xt_connmark.h
  CC      arch/arm64/kernel/traps.o
  CC      arch/arm64/kernel/io.o
  CC      mm/readahead.o
  HDRTEST usr/include/linux/netfilter/xt_dccp.h
  HDRTEST usr/include/linux/netfilter/xt_devgroup.h
  HDRTEST usr/include/linux/netfilter/xt_conntrack.h
  HDRTEST usr/include/linux/netfilter/xt_dscp.h
  CC      arch/arm64/mm/context.o
  AS      arch/arm64/mm/proc.o
  HDRTEST usr/include/linux/netfilter/xt_esp.h
<instantiation>:3:2: warning: DWARF2 only supports one section per compilation unit
 .pushsection .altinstr_replacement, "ax"
 ^
../arch/arm64/mm/proc.S:114:1: note: while in macro instantiation
alternative_else
^
../arch/arm64/mm/proc.S:137:2: warning: DWARF2 only supports one section per compilation unit
 .pushsection ".idmap.text", "awx"
 ^
  HDRTEST usr/include/linux/netfilter/xt_ecn.h
  HDRTEST usr/include/linux/netfilter/xt_hashlimit.h
  CC      arch/arm64/mm/pageattr.o
  HDRTEST usr/include/linux/netfilter/xt_helper.h
  HDRTEST usr/include/linux/netfilter/xt_l2tp.h
  CC      kernel/bpf/disasm.o
  HDRTEST usr/include/linux/netfilter/xt_ipcomp.h
  HDRTEST usr/include/linux/netfilter/xt_iprange.h
  CC      kernel/bpf/btf.o
  CC      kernel/bpf/devmap.o
  HDRTEST usr/include/linux/netfilter/xt_ipvs.h
  HDRTEST usr/include/linux/netfilter/xt_limit.h
  HDRTEST usr/include/linux/netfilter/xt_length.h
  HDRTEST usr/include/linux/netfilter/xt_mac.h
  CC      mm/swap.o
  CC      mm/truncate.o
  HDRTEST usr/include/linux/netfilter/xt_mark.h
  CC      arch/arm64/kernel/vdso.o
  HDRTEST usr/include/linux/netfilter/xt_rpfilter.h
  HDRTEST usr/include/linux/netfilter/xt_multiport.h
  AR      arch/arm64/mm/built-in.a
  HDRTEST usr/include/linux/netfilter/xt_pkttype.h
  HDRTEST usr/include/linux/netfilter/xt_osf.h
  CC      arch/arm64/net/bpf_jit_comp.o
  HDRTEST usr/include/linux/netfilter/xt_nfacct.h
  HDRTEST usr/include/linux/netfilter/xt_owner.h
  CC      mm/vmscan.o
  HDRTEST usr/include/linux/netfilter/xt_physdev.h
  HDRTEST usr/include/linux/netfilter/xt_recent.h
  HDRTEST usr/include/linux/netfilter/xt_policy.h
  AS      arch/arm64/kernel/hyp-stub.o
  HDRTEST usr/include/linux/netfilter/xt_quota.h
../arch/arm64/kernel/hyp-stub.S:20:2: warning: DWARF2 only supports one section per compilation unit
 .pushsection .hyp.text, "ax"
 ^
  CC      arch/arm64/kernel/psci.o
  HDRTEST usr/include/linux/netfilter/xt_rateest.h
  HDRTEST usr/include/linux/netfilter/xt_realm.h
  CC      arch/arm64/kernel/cpu_ops.o
  HDRTEST usr/include/linux/netfilter/xt_set.h
  HDRTEST usr/include/linux/netfilter/xt_statistic.h
  HDRTEST usr/include/linux/netfilter/xt_time.h
  CC      kernel/bpf/cpumap.o
  HDRTEST usr/include/linux/netfilter/xt_string.h
  HDRTEST usr/include/linux/netfilter/xt_tcpmss.h
  HDRTEST usr/include/linux/netfilter/xt_sctp.h
  CC      mm/shmem.o
  HDRTEST usr/include/linux/netfilter/xt_socket.h
  HDRTEST usr/include/linux/netfilter/xt_tcpudp.h
  HDRTEST usr/include/linux/netfilter/xt_state.h
  CC      arch/arm64/kernel/insn.o
  CC      arch/arm64/kernel/return_address.o
  HDRTEST usr/include/linux/netfilter/xt_u32.h
  HDRTEST usr/include/linux/netfilter_arp/arp_tables.h
  CC      mm/util.o
  AR      arch/arm64/net/built-in.a
  CC      mm/mmzone.o
  HDRTEST usr/include/linux/netfilter_arp/arpt_mangle.h
  HDRTEST usr/include/linux/netfilter_bridge/ebt_arpreply.h
  HDRTEST usr/include/linux/netfilter_bridge/ebt_802_3.h
  HDRTEST usr/include/linux/netfilter_bridge/ebt_among.h
  HDRTEST usr/include/linux/netfilter_bridge/ebt_arp.h
  HDRTEST usr/include/linux/netfilter_bridge/ebt_ip6.h
  CC      arch/arm64/kernel/cpuinfo.o
  CC      mm/vmstat.o
  HDRTEST usr/include/linux/netfilter_bridge/ebt_ip.h
  HDRTEST usr/include/linux/netfilter_bridge/ebt_nat.h
  HDRTEST usr/include/linux/netfilter_bridge/ebt_limit.h
  HDRTEST usr/include/linux/netfilter_bridge/ebt_log.h
  HDRTEST usr/include/linux/netfilter_bridge/ebt_nflog.h
  HDRTEST usr/include/linux/netfilter_bridge/ebt_mark_m.h
  HDRTEST usr/include/linux/netfilter_bridge/ebt_mark_t.h
  CC      kernel/bpf/xskmap.o
  CC      kernel/bpf/offload.o
  HDRTEST usr/include/linux/netfilter_bridge/ebt_vlan.h
  CC      kernel/bpf/stackmap.o
  HDRTEST usr/include/linux/netfilter_bridge/ebt_pkttype.h
  HDRTEST usr/include/linux/netfilter_bridge/ebt_stp.h
  CC      arch/arm64/kernel/cpu_errata.o
  HDRTEST usr/include/linux/netfilter_bridge/ebt_redirect.h
  HDRTEST usr/include/linux/netfilter_bridge/ebtables.h
  HDRTEST usr/include/linux/netfilter_ipv4/ip_tables.h
  CC      mm/backing-dev.o
  HDRTEST usr/include/linux/netfilter_ipv4/ipt_CLUSTERIP.h
  HDRTEST usr/include/linux/netfilter_ipv4/ipt_NATTYPE.h
  HDRTEST usr/include/linux/netfilter_ipv4/ipt_TRIGGER.h
  CC      mm/mm_init.o
  CC      arch/arm64/kernel/cpufeature.o
  HDRTEST usr/include/linux/netfilter_ipv4/ipt_ECN.h
  HDRTEST usr/include/linux/netfilter_ipv4/ipt_LOG.h
  HDRTEST usr/include/linux/netfilter_ipv4/ipt_TTL.h
  CC      arch/arm64/kernel/alternative.o
  HDRTEST usr/include/linux/netfilter_ipv4/ipt_REJECT.h
  HDRTEST usr/include/linux/netfilter_ipv4/ipt_ah.h
  HDRTEST usr/include/linux/netfilter_ipv4/ipt_ecn.h
  HDRTEST usr/include/linux/netfilter_ipv4/ipt_ttl.h
  HDRTEST usr/include/linux/netfilter_ipv6/ip6_tables.h
  HDRTEST usr/include/linux/netfilter_ipv6/ip6t_HL.h
  CC      kernel/bpf/cgroup.o
  HDRTEST usr/include/linux/netfilter_ipv6/ip6t_LOG.h
  HDRTEST usr/include/linux/netfilter_ipv6/ip6t_NPT.h
  HDRTEST usr/include/linux/netfilter_ipv6/ip6t_REJECT.h
  HDRTEST usr/include/linux/netfilter_ipv6/ip6t_rt.h
  HDRTEST usr/include/linux/netfilter_ipv6/ip6t_ah.h
  CC      fs/configfs/inode.o
  HDRTEST usr/include/linux/netfilter_ipv6/ip6t_frag.h
  CC      fs/configfs/file.o
  HDRTEST usr/include/linux/netfilter_ipv6/ip6t_hl.h
  CC      fs/configfs/dir.o
  HDRTEST usr/include/linux/netfilter_ipv6/ip6t_ipv6header.h
  HDRTEST usr/include/linux/netfilter_ipv6/ip6t_mh.h
  HDRTEST usr/include/linux/netfilter_ipv6/ip6t_opts.h
  CC      fs/configfs/symlink.o
  HDRTEST usr/include/linux/netfilter_ipv6/ip6t_srh.h
  CC      mm/mmu_context.o
  HDRTEST usr/include/linux/nfc/nfcinfo.h
  HDRTEST usr/include/linux/nfsd/cld.h
  CC      arch/arm64/kernel/cacheinfo.o
  HDRTEST usr/include/linux/nfsd/debug.h
  HDRTEST usr/include/linux/nfsd/export.h
  CC      arch/arm64/kernel/smp.o
  HDRTEST usr/include/linux/nfsd/nfsfh.h
  HDRTEST usr/include/linux/nfsd/stats.h
  HDRTEST usr/include/linux/raid/md_u.h
  HDRTEST usr/include/linux/raid/md_p.h
  HDRTEST usr/include/linux/sched/types.h
  CC      fs/configfs/mount.o
  CC      fs/configfs/item.o
  HDRTEST usr/include/linux/spi/spidev.h
  HDRTEST usr/include/linux/sunrpc/debug.h
  HDRTEST usr/include/linux/tc_act/tc_ct.h
  HDRTEST usr/include/linux/tc_act/tc_bpf.h
  CC      kernel/bpf/reuseport_array.o
  HDRTEST usr/include/linux/tc_act/tc_connmark.h
  HDRTEST usr/include/linux/tc_act/tc_csum.h
  CC      mm/percpu.o
  HDRTEST usr/include/linux/tc_act/tc_ctinfo.h
  CC      arch/arm64/kernel/smp_spin_table.o
  HDRTEST usr/include/linux/tc_act/tc_ipt.h
  HDRTEST usr/include/linux/tc_act/tc_defact.h
  HDRTEST usr/include/linux/tc_act/tc_gact.h
  HDRTEST usr/include/linux/tc_act/tc_ife.h
  CC      arch/arm64/kernel/topology.o
  HDRTEST usr/include/linux/tc_act/tc_mirred.h
  AR      fs/configfs/built-in.a
  HDRTEST usr/include/linux/tc_act/tc_mpls.h
  CC      fs/crypto/crypto.o
  HDRTEST usr/include/linux/tc_act/tc_nat.h
  AS      arch/arm64/kernel/smccc-call.o
  HDRTEST usr/include/linux/tc_act/tc_pedit.h
  HDRTEST usr/include/linux/tc_act/tc_sample.h
  CC      arch/arm64/kernel/syscall.o
  HDRTEST usr/include/linux/tc_act/tc_skbedit.h
  HDRTEST usr/include/linux/tc_act/tc_skbmod.h
  HDRTEST usr/include/linux/tc_act/tc_tunnel_key.h
  HDRTEST usr/include/linux/tc_act/tc_vlan.h
  HDRTEST usr/include/linux/tc_ematch/tc_em_nbyte.h
  CC      mm/slab_common.o
  AR      kernel/bpf/built-in.a
  HDRTEST usr/include/linux/tc_ematch/tc_em_cmp.h
  CC      kernel/cgroup/cgroup.o
  HDRTEST usr/include/linux/tc_ematch/tc_em_text.h
  CC      kernel/dma/mapping.o
  HDRTEST usr/include/linux/tc_ematch/tc_em_meta.h
  HDRTEST usr/include/linux/tc_ematch/tc_em_ipt.h
  HDRTEST usr/include/linux/usb/audio.h
  HDRTEST usr/include/linux/usb/cdc-wdm.h
  CC      mm/compaction.o
  CC      kernel/dma/direct.o
  HDRTEST usr/include/linux/usb/cdc.h
  HDRTEST usr/include/linux/usb/f_accessory.h
  HDRTEST usr/include/linux/usb/ch11.h
  HDRTEST usr/include/linux/usb/ch9.h
  HDRTEST usr/include/linux/usb/charger.h
  CC      fs/crypto/fname.o
  HDRTEST usr/include/linux/usb/raw_gadget.h
  CC      arch/arm64/kernel/sys32.o
  HDRTEST usr/include/linux/usb/g_printer.h
  HDRTEST usr/include/linux/usb/functionfs.h
  HDRTEST usr/include/linux/usb/g_uvc.h
  HDRTEST usr/include/linux/usb/gadgetfs.h
  HDRTEST usr/include/linux/usb/midi.h
  HDRTEST usr/include/linux/usb/video.h
  CC      kernel/dma/dummy.o
  CC      kernel/dma/contiguous.o
  HDRTEST usr/include/linux/usb/tmc.h
  HDRTEST usr/include/linux/usb/usb_ctrl_qti.h
  HDRTEST usr/include/linux/wimax/i2400m.h
  HDRTEST usr/include/linux/acct.h
  CC      arch/arm64/kernel/signal32.o
  HDRTEST usr/include/linux/adb.h
  HDRTEST usr/include/linux/adfs_fs.h
  CC      arch/arm64/kernel/sys_compat.o
  HDRTEST usr/include/linux/affs_hardblocks.h
  HDRTEST usr/include/linux/agpgart.h
  HDRTEST usr/include/linux/aio_abi.h
  HDRTEST usr/include/linux/am437x-vpfe.h
  CC      kernel/cgroup/rstat.o
  CC      fs/crypto/hkdf.o
  HDRTEST usr/include/linux/apm_bios.h
  HDRTEST usr/include/linux/arcfb.h
  HDRTEST usr/include/linux/arm_sdei.h
  HDRTEST usr/include/linux/aspeed-lpc-ctrl.h
  HDRTEST usr/include/linux/aspeed-p2a-ctrl.h
  HDRTEST usr/include/linux/atalk.h
  CC      kernel/dma/coherent.o
  HDRTEST usr/include/linux/atm.h
  CC      mm/vmacache.o
  CC      fs/crypto/hooks.o
  HDRTEST usr/include/linux/atm_eni.h
  CC      kernel/cgroup/namespace.o
  HDRTEST usr/include/linux/atm_he.h
  HDRTEST usr/include/linux/atm_idt77105.h
  HDRTEST usr/include/linux/atm_nicstar.h
  HDRTEST usr/include/linux/atm_tcp.h
  AS      arch/arm64/kernel/kuser32.o
  CC      arch/arm64/kernel/module.o
  HDRTEST usr/include/linux/atm_zatm.h
  HDRTEST usr/include/linux/atmapi.h
  HDRTEST usr/include/linux/atmarp.h
  CC      arch/arm64/kernel/module-plts.o
  CC      kernel/cgroup/cgroup-v1.o
  HDRTEST usr/include/linux/atmbr2684.h
  HDRTEST usr/include/linux/atmclip.h
  CC      mm/interval_tree.o
  HDRTEST usr/include/linux/atmdev.h
  HDRTEST usr/include/linux/atmioc.h
  HDRTEST usr/include/linux/atmlec.h
  CC      mm/list_lru.o
  HDRTEST usr/include/linux/atmmpc.h
  CC      kernel/dma/swiotlb.o
  HDRTEST usr/include/linux/atmppp.h
  CC      fs/crypto/keyring.o
  HDRTEST usr/include/linux/atmsap.h
  HDRTEST usr/include/linux/atmsvc.h
  HDRTEST usr/include/linux/audit.h
  HDRTEST usr/include/linux/auto_dev-ioctl.h
  CC      mm/workingset.o
  HDRTEST usr/include/linux/auto_fs.h
  HDRTEST usr/include/linux/auto_fs4.h
  CC      kernel/cgroup/freezer.o
  HDRTEST usr/include/linux/auxvec.h
  HDRTEST usr/include/linux/ax25.h
  CC      arch/arm64/kernel/perf_regs.o
  HDRTEST usr/include/linux/b1lli.h
  HDRTEST usr/include/linux/batadv_packet.h
  HDRTEST usr/include/linux/batman_adv.h
  HDRTEST usr/include/linux/baycom.h
  HDRTEST usr/include/linux/bcache.h
  CC      fs/crypto/keysetup.o
In file included from <built-in>:1:
./usr/include/linux/bcache.h:286:2: warning: field '' with variable sized type 'union jset::(anonymous at ./usr/include/linux/bcache.h:286:2)' not at the end of a struct or class is a GNU extension [-Wgnu-variable-sized-type-not-at-end]
  286 |         BKEY_PADDED(uuid_bucket);
      |         ^
./usr/include/linux/bcache.h:134:2: note: expanded from macro 'BKEY_PADDED'
  134 |         union { struct bkey key; __u64 key ## _pad[BKEY_PAD]; }
      |         ^
./usr/include/linux/bcache.h:287:2: warning: field '' with variable sized type 'union jset::(anonymous at ./usr/include/linux/bcache.h:287:2)' not at the end of a struct or class is a GNU extension [-Wgnu-variable-sized-type-not-at-end]
  287 |         BKEY_PADDED(btree_root);
      |         ^
./usr/include/linux/bcache.h:134:2: note: expanded from macro 'BKEY_PADDED'
  134 |         union { struct bkey key; __u64 key ## _pad[BKEY_PAD]; }
      |         ^
2 warnings generated.
  HDRTEST usr/include/linux/bcm933xx_hcs.h
  HDRTEST usr/include/linux/bfs_fs.h
  HDRTEST usr/include/linux/binfmts.h
  CC      kernel/cgroup/legacy_freezer.o
  HDRTEST usr/include/linux/blkpg.h
  HDRTEST usr/include/linux/blktrace_api.h
  CC      mm/debug.o
  HDRTEST usr/include/linux/blkzoned.h
  CC      arch/arm64/kernel/perf_callchain.o
  HDRTEST usr/include/linux/bpf.h
  HDRTEST usr/include/linux/bpf_common.h
  HDRTEST usr/include/linux/bpf_perf_event.h
  CC      kernel/cgroup/cpuset.o
  HDRTEST usr/include/linux/bpfilter.h
  CC      kernel/dma/remap.o
  CC      mm/gup.o
  HDRTEST usr/include/linux/bpqether.h
  HDRTEST usr/include/linux/bsg.h
  HDRTEST usr/include/linux/bt-bmc.h
  HDRTEST usr/include/linux/btf.h
  CC      mm/pgsize_migration.o
  HDRTEST usr/include/linux/btrfs.h
  CC      fs/crypto/keysetup_v1.o
  HDRTEST usr/include/linux/btrfs_tree.h
  HDRTEST usr/include/linux/can.h
  CC      arch/arm64/kernel/perf_event.o
  HDRTEST usr/include/linux/capability.h
  HDRTEST usr/include/linux/capi.h
  HDRTEST usr/include/linux/cciss_ioctl.h
  AR      kernel/dma/built-in.a
  HDRTEST usr/include/linux/cciss_defs.h
  HDRTEST usr/include/linux/cdrom.h
  CC      kernel/events/core.o
  HDRTEST usr/include/linux/cec.h
  HDRTEST usr/include/linux/cec-funcs.h
  HDRTEST usr/include/linux/cgroupstats.h
  CC      mm/highmem.o
  HDRTEST usr/include/linux/chio.h
  HDRTEST usr/include/linux/cn_proc.h
  CC      kernel/irq/irqdesc.o
  HDRTEST usr/include/linux/cm4000_cs.h
  HDRTEST usr/include/linux/coda.h
  CC      fs/crypto/policy.o
  HDRTEST usr/include/linux/coff.h
  HDRTEST usr/include/linux/connector.h
  HDRTEST usr/include/linux/const.h
  CC      arch/arm64/kernel/perf_trace_counters.o
  CC      arch/arm64/kernel/perf_trace_user.o
  HDRTEST usr/include/linux/coresight-stm.h
  HDRTEST usr/include/linux/cramfs_fs.h
  AR      kernel/cgroup/built-in.a
  HDRTEST usr/include/linux/cryptouser.h
  HDRTEST usr/include/linux/cuda.h
  HDRTEST usr/include/linux/cyclades.h
  AR      kernel/livepatch/built-in.a
  HDRTEST usr/include/linux/cycx_cfm.h
  CC      mm/memory.o
  CC      mm/mincore.o
  HDRTEST usr/include/linux/dcbnl.h
  HDRTEST usr/include/linux/dlm_device.h
  HDRTEST usr/include/linux/dlm.h
  HDRTEST usr/include/linux/dlmconstants.h
  HDRTEST usr/include/linux/dlm_plock.h
  CC      kernel/irq/handle.o
  HDRTEST usr/include/linux/dqblk_xfs.h
  CC      fs/crypto/bio.o
  HDRTEST usr/include/linux/dma-buf.h
  HDRTEST usr/include/linux/elf-em.h
  HDRTEST usr/include/linux/efs_fs_sb.h
  CC      arch/arm64/kernel/hw_breakpoint.o
  HDRTEST usr/include/linux/eavb_shared.h
  CC      fs/crypto/inline_crypt.o
  HDRTEST usr/include/linux/edd.h
  HDRTEST usr/include/linux/erspan.h
  HDRTEST usr/include/linux/ethtool.h
  CC      kernel/events/ring_buffer.o
  HDRTEST usr/include/linux/eventpoll.h
  HDRTEST usr/include/linux/fanotify.h
  HDRTEST usr/include/linux/falloc.h
  HDRTEST usr/include/linux/fcntl.h
  HDRTEST usr/include/linux/fd.h
  HDRTEST usr/include/linux/fiemap.h
  HDRTEST usr/include/linux/fib_rules.h
  CC      kernel/irq/manage.o
  HDRTEST usr/include/linux/fs.h
  AS      arch/arm64/kernel/sleep.o
  HDRTEST usr/include/linux/firewire-cdev.h
../arch/arm64/kernel/sleep.S:99:2: warning: DWARF2 only supports one section per compilation unit
 .pushsection ".idmap.text", "awx"
 ^
  HDRTEST usr/include/linux/firewire-constants.h
  CC      arch/arm64/kernel/suspend.o
  CC      mm/mlock.o
  HDRTEST usr/include/linux/fsverity.h
  CC      kernel/events/callchain.o
  HDRTEST usr/include/linux/gigaset_dev.h
  CC      kernel/events/hw_breakpoint.o
  HDRTEST usr/include/linux/fuse.h
usr/include/linux/fuse.h:874: found __[us]{8,16,32,64} type without #include <linux/types.h>
  HDRTEST usr/include/linux/gameport.h
  HDRTEST usr/include/linux/genetlink.h
  HDRTEST usr/include/linux/gsmmux.h
  HDRTEST usr/include/linux/hab_ioctl.h
  HDRTEST usr/include/linux/gpio.h
  CC      kernel/events/uprobes.o
  HDRTEST usr/include/linux/hdlcdrv.h
  HDRTEST usr/include/linux/hsr_netlink.h
  HDRTEST usr/include/linux/hid.h
  AR      fs/crypto/built-in.a
  HDRTEST usr/include/linux/hpet.h
  CC      kernel/irq/spurious.o
  HDRTEST usr/include/linux/hyperv.h
  CC      fs/devpts/inode.o
  HDRTEST usr/include/linux/hysdn_if.h
  CC      arch/arm64/kernel/cpuidle.o
  HDRTEST usr/include/linux/i2c-dev.h
  HDRTEST usr/include/linux/i2c.h
  HDRTEST usr/include/linux/i8k.h
  HDRTEST usr/include/linux/icmp.h
  CC      kernel/irq/resend.o
  HDRTEST usr/include/linux/if_bonding.h
  HDRTEST usr/include/linux/if_addr.h
  HDRTEST usr/include/linux/if_arp.h
  CC      kernel/irq/chip.o
  CC      mm/mmap.o
  HDRTEST usr/include/linux/if_hippi.h
  CC      arch/arm64/kernel/jump_label.o
  HDRTEST usr/include/linux/if_link.h
  HDRTEST usr/include/linux/if_fddi.h
  HDRTEST usr/include/linux/if_pppox.h
  AR      fs/devpts/built-in.a
  CC      arch/arm64/kernel/efi.o
  AS      arch/arm64/kernel/efi-entry.o
  CC      fs/erofs/super.o
../arch/arm64/kernel/efi-entry.S:15:2: warning: DWARF2 only supports one section per compilation unit
 .section ".init.text","ax"
 ^
  HDRTEST usr/include/linux/if_ppp.h
  HDRTEST usr/include/linux/if_team.h
  AS      arch/arm64/kernel/efi-rt-wrapper.o
  HDRTEST usr/include/linux/if_macsec.h
  HDRTEST usr/include/linux/if_packet.h
  CC      fs/erofs/inode.o
  CC      fs/erofs/data.o
  HDRTEST usr/include/linux/ife.h
  HDRTEST usr/include/linux/incrementalfs.h
  HDRTEST usr/include/linux/kcm.h
  HDRTEST usr/include/linux/ila.h
  HDRTEST usr/include/linux/inotify.h
  HDRTEST usr/include/linux/in6.h
  AR      kernel/events/built-in.a
  HDRTEST usr/include/linux/ip.h
  CC      kernel/irq/dummychip.o
  HDRTEST usr/include/linux/inet_diag.h
  CC      arch/arm64/kernel/pci.o
  HDRTEST usr/include/linux/ip6_tunnel.h
  HDRTEST usr/include/linux/input-event-codes.h
  CC      fs/erofs/namei.o
  CC      arch/arm64/kernel/armv8_deprecated.o
  CC      mm/mmu_gather.o
  HDRTEST usr/include/linux/ipv6.h
  HDRTEST usr/include/linux/ipmi_bmc.h
  HDRTEST usr/include/linux/ipmi.h
  CC      fs/erofs/dir.o
  HDRTEST usr/include/linux/ivtvfb.h
  HDRTEST usr/include/linux/keyboard.h
  HDRTEST usr/include/linux/kernelcapi.h
  HDRTEST usr/include/linux/l2tp.h
  CC      mm/mprotect.o
  HDRTEST usr/include/linux/lwtunnel.h
  HDRTEST usr/include/linux/loop.h
  HDRTEST usr/include/linux/mempolicy.h
  CC      fs/erofs/utils.o
  CC      mm/mremap.o
  CC      mm/msync.o
  HDRTEST usr/include/linux/llc.h
  HDRTEST usr/include/linux/map_to_7segment.h
  CC      arch/arm64/kernel/paravirt.o
  HDRTEST usr/include/linux/mroute6.h
  CC      fs/erofs/pcpubuf.o
  CC      kernel/irq/devres.o
  HDRTEST usr/include/linux/mqueue.h
  CC      arch/arm64/kernel/kaslr.o
  HDRTEST usr/include/linux/msdos_fs.h
  HDRTEST usr/include/linux/mtio.h
  HDRTEST usr/include/linux/msm_kgsl.h
  HDRTEST usr/include/linux/msm_ion_ids.h
  HDRTEST usr/include/linux/nbd.h
  HDRTEST usr/include/linux/ndctl.h
  CC      fs/erofs/xattr.o
  CC      mm/page_vma_mapped.o
  HDRTEST usr/include/linux/net.h
  HDRTEST usr/include/linux/net_dropmon.h
  HDRTEST usr/include/linux/nsfs.h
  CC      mm/pagewalk.o
  CC      arch/arm64/kernel/ssbd.o
  HDRTEST usr/include/linux/nfs4.h
  CC      mm/pgtable-generic.o
  HDRTEST usr/include/linux/nilfs2_api.h
  CC      mm/rmap.o
  HDRTEST usr/include/linux/param.h
  HDRTEST usr/include/linux/nvme_ioctl.h
  HDRTEST usr/include/linux/patchkey.h
  HDRTEST usr/include/linux/parport.h
  CC      kernel/irq/generic-chip.o
  HDRTEST usr/include/linux/personality.h
  HDRTEST usr/include/linux/poll.h
  CC      arch/arm64/kernel/pointer_auth.o
  HDRTEST usr/include/linux/posix_acl_xattr.h
  HDRTEST usr/include/linux/ppp_defs.h
  CC      mm/vmalloc.o
  HDRTEST usr/include/linux/ppp-comp.h
  CC      fs/erofs/decompressor.o
  HDRTEST usr/include/linux/ppdev.h
  CC      fs/erofs/zmap.o
  CC      fs/erofs/zdata.o
  HDRTEST usr/include/linux/pr.h
  HDRTEST usr/include/linux/reboot.h
  HDRTEST usr/include/linux/psci.h
  HDRTEST usr/include/linux/qnxtypes.h
  CC      arch/arm64/kernel/scs.o
  HDRTEST usr/include/linux/qcedev.h
  HDRTEST usr/include/linux/qseecom.h
  HDRTEST usr/include/linux/seccomp.h
  HDRTEST usr/include/linux/scif_ioctl.h
  CC      mm/process_vm_access.o
  HDRTEST usr/include/linux/securebits.h
  HDRTEST usr/include/linux/dccp.h
  AS      arch/arm64/kernel/head.o
  HDRTEST usr/include/linux/devlink.h
  CC      kernel/irq/autoprobe.o
  HDRTEST usr/include/linux/dlm_netlink.h
  CC      kernel/irq/irqdomain.o
../arch/arm64/kernel/head.S:63:2: warning: DWARF2 only supports one section per compilation unit
 .section ".head.text","ax"
 ^
../arch/arm64/kernel/head.S:95:2: warning: DWARF2 only supports one section per compilation unit
 .section ".init.text","ax"
 ^
../arch/arm64/kernel/head.S:484:2: warning: DWARF2 only supports one section per compilation unit
 .section ".idmap.text","awx"
 ^
  HDRTEST usr/include/linux/dm-ioctl.h
  LDS     arch/arm64/kernel/vmlinux.lds
  HDRTEST usr/include/linux/dm-log-userspace.h
  AR      fs/erofs/built-in.a
  CC      kernel/irq/proc.o
  HDRTEST usr/include/linux/dns_resolver.h
  CC      fs/exfat/inode.o
  HDRTEST usr/include/linux/elf-fdpic.h
  HDRTEST usr/include/linux/elf.h
  HDRTEST usr/include/linux/elfcore.h
  HDRTEST usr/include/linux/errno.h
  OBJCOPY arch/arm64/kernel/efi-entry.stub.o
  HDRTEST usr/include/linux/errqueue.h
  CC      mm/showmem.o
  HDRTEST usr/include/linux/esoc_ctrl.h
  AR      arch/arm64/kernel/built-in.a
  HDRTEST usr/include/linux/fadvise.h
  HDRTEST usr/include/linux/fb.h
  AR      arch/arm64/built-in.a
  HDRTEST usr/include/linux/fdreg.h
  CC      kernel/irq/cpuhotplug.o
  CC      kernel/irq/pm.o
  HDRTEST usr/include/linux/filter.h
  CC      fs/exfat/namei.o
  HDRTEST usr/include/linux/fips_status.h
  CC      mm/page_alloc.o
  HDRTEST usr/include/linux/fou.h
  HDRTEST usr/include/linux/fscrypt.h
  HDRTEST usr/include/linux/fpga-dfl.h
  HDRTEST usr/include/linux/fsi.h
  HDRTEST usr/include/linux/fsmap.h
  CC      mm/shuffle.o
  CC      fs/exfat/dir.o
  HDRTEST usr/include/linux/fsl_hypervisor.h
  HDRTEST usr/include/linux/futex.h
  HDRTEST usr/include/linux/gen_stats.h
  HDRTEST usr/include/linux/hash_info.h
  CC      kernel/irq/msi.o
  HDRTEST usr/include/linux/gfs2_ondisk.h
  HDRTEST usr/include/linux/habmmid.h
  HDRTEST usr/include/linux/gtp.h
  CC      mm/init-mm.o
  HDRTEST usr/include/linux/hdlc.h
  HDRTEST usr/include/linux/hdreg.h
  CC      fs/exfat/super.o
  HDRTEST usr/include/linux/hgsl.h
  HDRTEST usr/include/linux/hidraw.h
  HDRTEST usr/include/linux/hiddev.h
  HDRTEST usr/include/linux/hw_breakpoint.h
  HDRTEST usr/include/linux/i2o-dev.h
  CC      fs/exfat/fatent.o
  HDRTEST usr/include/linux/icmpv6.h
  HDRTEST usr/include/linux/if.h
  CC      fs/exfat/cache.o
  HDRTEST usr/include/linux/if_bridge.h
  HDRTEST usr/include/linux/if_eql.h
  CC      kernel/irq/affinity.o
  HDRTEST usr/include/linux/if_addrlabel.h
  HDRTEST usr/include/linux/if_alg.h
  HDRTEST usr/include/linux/if_cablemodem.h
  CC      mm/memblock.o
  HDRTEST usr/include/linux/if_arcnet.h
  HDRTEST usr/include/linux/if_fc.h
  HDRTEST usr/include/linux/if_ether.h
  HDRTEST usr/include/linux/if_frad.h
  CC      mm/madvise.o
  HDRTEST usr/include/linux/if_ltalk.h
  CC      mm/page_io.o
  HDRTEST usr/include/linux/if_phonet.h
  AR      kernel/irq/built-in.a
  HDRTEST usr/include/linux/if_infiniband.h
  CC      mm/swap_state.o
  HDRTEST usr/include/linux/if_plip.h
  CC      kernel/locking/mutex.o
  CC      kernel/locking/semaphore.o
  HDRTEST usr/include/linux/if_pppol2tp.h
  HDRTEST usr/include/linux/if_tunnel.h
  CC      fs/exfat/nls.o
  HDRTEST usr/include/linux/if_slip.h
  HDRTEST usr/include/linux/if_vlan.h
  HDRTEST usr/include/linux/if_tun.h
  HDRTEST usr/include/linux/igmp.h
  HDRTEST usr/include/linux/if_x25.h
  HDRTEST usr/include/linux/if_xdp.h
  HDRTEST usr/include/linux/in.h
  HDRTEST usr/include/linux/in_route.h
  HDRTEST usr/include/linux/irqnr.h
  CC      kernel/locking/rwsem.o
  CC      kernel/locking/percpu-rwsem.o
  CC      kernel/locking/spinlock.o
  HDRTEST usr/include/linux/joystick.h
  HDRTEST usr/include/linux/kcmp.h
  CC      kernel/locking/osq_lock.o
  HDRTEST usr/include/linux/kernel.h
  CC      fs/exfat/misc.o
  HDRTEST usr/include/linux/kexec.h
  HDRTEST usr/include/linux/kvm_para.h
  CC      mm/swapfile.o
  HDRTEST usr/include/linux/lightnvm.h
  HDRTEST usr/include/linux/magic.h
  HDRTEST usr/include/linux/module.h
  HDRTEST usr/include/linux/mic_common.h
  CC      mm/swap_slots.o
  HDRTEST usr/include/linux/matroxfb.h
  CC      mm/dmapool.o
  CC      mm/sparse.o
  HDRTEST usr/include/linux/minix_fs.h
  HDRTEST usr/include/linux/meye.h
  HDRTEST usr/include/linux/mman.h
  HDRTEST usr/include/linux/mount.h
  CC      kernel/locking/qspinlock.o
  HDRTEST usr/include/linux/msm_dsps.h
  HDRTEST usr/include/linux/msm_rmnet.h
  CC      fs/exfat/file.o
  HDRTEST usr/include/linux/net_tstamp.h
  CC      mm/sparse-vmemmap.o
  HDRTEST usr/include/linux/msm_npu.h
  HDRTEST usr/include/linux/net_namespace.h
  HDRTEST usr/include/linux/netconf.h
  CC      kernel/locking/rtmutex.o
  HDRTEST usr/include/linux/netfilter.h
  HDRTEST usr/include/linux/netfilter_ipv6.h
  CC      mm/slub.o
  HDRTEST usr/include/linux/nfs_mount.h
  HDRTEST usr/include/linux/netlink_diag.h
  HDRTEST usr/include/linux/netlink.h
  HDRTEST usr/include/linux/nfc.h
  HDRTEST usr/include/linux/nilfs2_ondisk.h
  CC      kernel/locking/qrwlock.o
  HDRTEST usr/include/linux/nl80211.h
  HDRTEST usr/include/linux/suspend_ioctls.h
  CC      fs/exfat/balloc.o
  HDRTEST usr/include/linux/types.h
  CC      mm/memory_hotplug.o
  HDRTEST usr/include/linux/sonet.h
  HDRTEST usr/include/linux/synclink.h
  HDRTEST usr/include/linux/sysctl.h
  HDRTEST usr/include/linux/udmabuf.h
  HDRTEST usr/include/linux/tipc_sockets_diag.h
  HDRTEST usr/include/linux/utime.h
  CC      mm/migrate.o
  CC      mm/page_counter.o
  CC      mm/memcontrol.o
  HDRTEST usr/include/linux/unistd.h
  HDRTEST usr/include/linux/uvcvideo.h
  AR      kernel/locking/built-in.a
  HDRTEST usr/include/linux/veth.h
  CC      kernel/power/qos.o
  HDRTEST usr/include/linux/iso_fs.h
  HDRTEST usr/include/linux/virtio_pci.h
  HDRTEST usr/include/linux/ipmi_msgdefs.h
  HDRTEST usr/include/linux/isst_if.h
  AR      fs/exfat/built-in.a
  CC      mm/vmpressure.o
  HDRTEST usr/include/linux/kcov.h
  CC      fs/exportfs/expfs.o
  HDRTEST usr/include/linux/kvm.h
  HDRTEST usr/include/linux/mii.h
  HDRTEST usr/include/linux/media.h
  CC      mm/swap_cgroup.o
  HDRTEST usr/include/linux/mmtimer.h
  HDRTEST usr/include/linux/n_r3964.h
  HDRTEST usr/include/linux/nfs.h
  HDRTEST usr/include/linux/nfs2.h
  HDRTEST usr/include/linux/nfs_idmap.h
  HDRTEST usr/include/linux/nfs3.h
  HDRTEST usr/include/linux/nfs4_mount.h
  HDRTEST usr/include/linux/phantom.h
  HDRTEST usr/include/linux/nfs_fs.h
  CC      mm/cleancache.o
  CC      mm/page_isolation.o
  HDRTEST usr/include/linux/phonet.h
  HDRTEST usr/include/linux/pktcdvd.h
  AR      fs/exportfs/built-in.a
  HDRTEST usr/include/linux/psp-sev.h
  CC      mm/zsmalloc.o
  CC      fs/ext4/balloc.o
  HDRTEST usr/include/linux/qrtr.h
  HDRTEST usr/include/linux/qg-profile.h
  HDRTEST usr/include/linux/quota.h
  HDRTEST usr/include/linux/random.h
  HDRTEST usr/include/linux/rds.h
  HDRTEST usr/include/linux/rfkill.h
  HDRTEST usr/include/linux/sctp.h
  CC      mm/early_ioremap.o
  HDRTEST usr/include/linux/sdla.h
  CC      kernel/power/main.o
  HDRTEST usr/include/linux/seg6_genl.h
  HDRTEST usr/include/linux/sem.h
  HDRTEST usr/include/linux/socket.h
  HDRTEST usr/include/linux/slatecom_interface.h
  HDRTEST usr/include/linux/stddef.h
  HDRTEST usr/include/linux/sysinfo.h
  CC      fs/ext4/bitmap.o
  CC      fs/ext4/block_validity.o
  HDRTEST usr/include/linux/timex.h
  CC      fs/ext4/dir.o
  HDRTEST usr/include/linux/termios.h
  HDRTEST usr/include/linux/tipc.h
  CC      fs/ext4/ext4_jbd2.o
  CC      fs/ext4/extents.o
  HDRTEST usr/include/linux/tty_flags.h
  HDRTEST usr/include/linux/udp.h
  CC      mm/cma.o
  HDRTEST usr/include/linux/uhid.h
  HDRTEST usr/include/linux/vfio_ccw.h
  HDRTEST usr/include/linux/v4l2-common.h
  HDRTEST usr/include/linux/vbox_vmmdev_types.h
  HDRTEST usr/include/linux/vhost_types.h
  HDRTEST usr/include/linux/virtio_crypto.h
  HDRTEST usr/include/linux/virtio_types.h
  HDRTEST usr/include/linux/virtio_vsock.h
  CC      fs/ext4/extents_status.o
  HDRTEST usr/include/linux/nubus.h
  HDRTEST usr/include/linux/oom.h
  CC      fs/ext4/file.o
  CC      fs/ext4/fsmap.o
  HDRTEST usr/include/linux/pkt_cls.h
  HDRTEST usr/include/linux/ptp_clock.h
  CC      fs/ext4/fsync.o
  HDRTEST usr/include/linux/qbg-profile.h
  HDRTEST usr/include/linux/qbg.h
  HDRTEST usr/include/linux/rio_cm_cdev.h
  HDRTEST usr/include/linux/rpmsg.h
  CC      fs/ext4/hash.o
  HDRTEST usr/include/linux/screen_info.h
  HDRTEST usr/include/linux/rtnetlink.h
  CC      kernel/power/process.o
  HDRTEST usr/include/linux/sched.h
  CC      mm/page_ext.o
  HDRTEST usr/include/linux/smc.h
  HDRTEST usr/include/linux/seg6_hmac.h
  HDRTEST usr/include/linux/spss_utils.h
  HDRTEST usr/include/linux/string.h
  HDRTEST usr/include/linux/tipc_config.h
  HDRTEST usr/include/linux/userio.h
  CC      fs/ext4/ialloc.o
  CC      fs/ext4/indirect.o
  HDRTEST usr/include/linux/un.h
  HDRTEST usr/include/linux/vhost.h
  HDRTEST usr/include/linux/v4l2-dv-timings.h
  HDRTEST usr/include/linux/v4l2-subdev.h
  CC      mm/frame_vector.o
  CC      mm/usercopy.o
  CC      fs/f2fs/dir.o
  HDRTEST usr/include/linux/videodev2.h
  HDRTEST usr/include/linux/watch_queue.h
  HDRTEST usr/include/linux/vm_sockets.h
  CC      fs/ext4/inline.o
  HDRTEST usr/include/linux/virtio_net.h
  HDRTEST usr/include/linux/vmcore.h
  HDRTEST usr/include/linux/xdp_diag.h
  CC      kernel/power/suspend.o
  HDRTEST usr/include/linux/zorro.h
  HDRTEST usr/include/linux/xilinx-v4l2-controls.h
  HDRTEST usr/include/linux/io_uring.h
  HDRTEST usr/include/linux/ioctl.h
  HDRTEST usr/include/linux/ipsec.h
  CC      fs/f2fs/file.o
  HDRTEST usr/include/linux/ipa_qmi_service_v01.h
usr/include/linux/ipa_qmi_service_v01.h:16: found __[us]{8,16,32,64} type without #include <linux/types.h>
  HDRTEST usr/include/linux/ipx.h
  CC      fs/ext4/inode.o
  HDRTEST usr/include/linux/kd.h
  CC      mm/memfd.o
  HDRTEST usr/include/linux/ivtv.h
  CC      fs/ext4/ioctl.o
  HDRTEST usr/include/linux/kernel-page-flags.h
  HDRTEST usr/include/linux/lirc.h
  CC      fs/ext4/mballoc.o
  HDRTEST usr/include/linux/limits.h
  CC      fs/f2fs/inode.o
  HDRTEST usr/include/linux/keyctl.h
  HDRTEST usr/include/linux/mei.h
  HDRTEST usr/include/linux/mic_ioctl.h
  HDRTEST usr/include/linux/mpls.h
  HDRTEST usr/include/linux/neighbour.h
  HDRTEST usr/include/linux/msg.h
  HDRTEST usr/include/linux/netdevice.h
  HDRTEST usr/include/linux/nfsacl.h
  HDRTEST usr/include/linux/pci_regs.h
  CC      fs/ext4/migrate.o
  HDRTEST usr/include/linux/omap3isp.h
  CC      fs/ext4/mmp.o
  AR      mm/built-in.a
  HDRTEST usr/include/linux/omapfb.h
  HDRTEST usr/include/linux/posix_types.h
  HDRTEST usr/include/linux/radeonfb.h
  HDRTEST usr/include/linux/resource.h
  CC      kernel/power/wakelock.o
  CC      fs/f2fs/namei.o
  HDRTEST usr/include/linux/romfs_fs.h
  CC      fs/f2fs/hash.o
  CC      fs/f2fs/super.o
  HDRTEST usr/include/linux/rseq.h
  CC      fs/f2fs/inline.o
  HDRTEST usr/include/linux/seg6_iptunnel.h
  HDRTEST usr/include/linux/selinux_netlink.h
  HDRTEST usr/include/linux/serial.h
  HDRTEST usr/include/linux/serial_reg.h
  HDRTEST usr/include/linux/serio.h
  HDRTEST usr/include/linux/time.h
  HDRTEST usr/include/linux/tiocl.h
  CC      fs/ext4/move_extent.o
  HDRTEST usr/include/linux/udf_fs_i.h
  HDRTEST usr/include/linux/uio.h
  CC      fs/ext4/namei.o
  HDRTEST usr/include/linux/tty.h
  CC      fs/f2fs/checkpoint.o
  CC      fs/ext4/page-io.o
  HDRTEST usr/include/linux/uinput.h
  HDRTEST usr/include/linux/usbip.h
  CC      fs/ext4/readpage.o
  CC      kernel/power/poweroff.o
  HDRTEST usr/include/linux/v4l2-controls.h
  HDRTEST usr/include/linux/virtio_console.h
  HDRTEST usr/include/linux/virtio_fs.h
  HDRTEST usr/include/linux/virtio_iommu.h
  CC      kernel/power/wakeup_reason.o
  HDRTEST usr/include/linux/virtio_input.h
  HDRTEST usr/include/linux/virtio_mmio.h
  CC      fs/f2fs/gc.o
  HDRTEST usr/include/linux/virtio_pmem.h
  HDRTEST usr/include/linux/vm_sockets_diag.h
  HDRTEST usr/include/linux/wimax.h
  CC      fs/ext4/resize.o
  HDRTEST usr/include/linux/xattr.h
  HDRTEST usr/include/linux/smiapp.h
  HDRTEST usr/include/linux/smcinvoke.h
  CC      kernel/power/energy_model.o
  CC      fs/f2fs/data.o
  HDRTEST usr/include/linux/stm.h
  CC      fs/f2fs/node.o
  HDRTEST usr/include/linux/swab.h
  HDRTEST usr/include/linux/taskstats.h
  HDRTEST usr/include/linux/tcp.h
  HDRTEST usr/include/linux/tcp_metrics.h
  CC      fs/ext4/super.o
  HDRTEST usr/include/linux/timerfd.h
  HDRTEST usr/include/linux/tls.h
  HDRTEST usr/include/linux/uleds.h
  HDRTEST usr/include/linux/vfio.h
  HDRTEST usr/include/linux/virtio_blk.h
  HDRTEST usr/include/linux/userfaultfd.h
  CC      fs/ext4/symlink.o
  HDRTEST usr/include/linux/utsname.h
  HDRTEST usr/include/linux/virtio_9p.h
  CC      fs/f2fs/segment.o
  HDRTEST usr/include/linux/virtio_balloon.h
  HDRTEST usr/include/linux/virtio_scsi.h
  CC      fs/f2fs/recovery.o
  HDRTEST usr/include/linux/xfrm.h
  AR      kernel/power/built-in.a
  HDRTEST usr/include/linux/vt.h
  CC      kernel/printk/printk.o
  HDRTEST usr/include/linux/input.h
  HDRTEST usr/include/linux/watchdog.h
  CC      fs/f2fs/shrinker.o
  HDRTEST usr/include/linux/ip_vs.h
  HDRTEST usr/include/linux/wireless.h
  CC      fs/f2fs/extent_cache.o
  HDRTEST usr/include/linux/iommu.h
  HDRTEST usr/include/linux/ispv2_ioparam.h
In file included from <built-in>:1:
./usr/include/linux/ispv2_ioparam.h:33:32: warning: // comments are not allowed in this language [-Wcomment]
   33 | #define AL6021_PREAMBLE_LEN             2 // words
      |                                           ^
1 warning generated.
  HDRTEST usr/include/linux/jffs2.h
  HDRTEST usr/include/linux/major.h
  HDRTEST usr/include/linux/max2175.h
  CC      fs/ext4/sysfs.o
  HDRTEST usr/include/linux/mdio.h
  HDRTEST usr/include/linux/membarrier.h
  HDRTEST usr/include/linux/media-bus-format.h
  CC      fs/ext4/xattr.o
  CC      kernel/printk/printk_safe.o
  HDRTEST usr/include/linux/mem-buf.h
  HDRTEST usr/include/linux/memfd.h
  HDRTEST usr/include/linux/msm_ion.h
  HDRTEST usr/include/linux/mpls_iptunnel.h
  CC      fs/f2fs/sysfs.o
  CC      fs/f2fs/debug.o
  HDRTEST usr/include/linux/netfilter_arp.h
  HDRTEST usr/include/linux/msm_geni_serial.h
  HDRTEST usr/include/linux/netrom.h
  HDRTEST usr/include/linux/ncsi.h
  CC      fs/ext4/xattr_trusted.o
  CC      fs/f2fs/xattr.o
  HDRTEST usr/include/linux/pci.h
  HDRTEST usr/include/linux/nexthop.h
  AR      kernel/printk/built-in.a
  HDRTEST usr/include/linux/packet_diag.h
  CC      kernel/rcu/update.o
  HDRTEST usr/include/linux/pkt_sched.h
  HDRTEST usr/include/linux/posix_acl.h
  HDRTEST usr/include/linux/qemu_fw_cfg.h
  HDRTEST usr/include/linux/qcota.h
  HDRTEST usr/include/linux/qg.h
  CC      fs/f2fs/acl.o
  HDRTEST usr/include/linux/qnx4_fs.h
  HDRTEST usr/include/linux/reiserfs_fs.h
  CC      fs/f2fs/verity.o
  HDRTEST usr/include/linux/seg6_local.h
  HDRTEST usr/include/linux/seg6.h
  HDRTEST usr/include/linux/shm.h
  CC      fs/ext4/xattr_user.o
  HDRTEST usr/include/linux/smc_diag.h
  CC      kernel/rcu/sync.o
  HDRTEST usr/include/linux/sock_diag.h
  CC      kernel/rcu/srcutree.o
  CC      kernel/rcu/tree.o
  HDRTEST usr/include/linux/sockios.h
  HDRTEST usr/include/linux/sound.h
  HDRTEST usr/include/linux/stat.h
  HDRTEST usr/include/linux/sync_file.h
  HDRTEST usr/include/linux/sysstats.h
  HDRTEST usr/include/linux/target_core_user.h
  CC      kernel/rcu/rcu_segcblist.o
  HDRTEST usr/include/linux/times.h
  HDRTEST usr/include/linux/time_types.h
  HDRTEST usr/include/linux/ultrasound.h
  HDRTEST usr/include/linux/unix_diag.h
  CC      fs/ext4/acl.o
  HDRTEST usr/include/linux/uuid.h
  HDRTEST usr/include/linux/v4l2-mediabus.h
  HDRTEST usr/include/linux/vbox_err.h
  HDRTEST usr/include/linux/virtio_gpu.h
  AR      fs/f2fs/built-in.a
  CC      kernel/sched/core.o
  CC      kernel/sched/walt/walt.o
  HDRTEST usr/include/linux/wil6210_uapi.h
  HDRTEST usr/include/linux/zorro_ids.h
  HDRTEST usr/include/linux/version.h
  CC      fs/ext4/xattr_security.o
  CC      kernel/sched/walt/boost.o
  CC      kernel/sched/walt/sched_avg.o
  HDRTEST usr/include/linux/openvswitch.h
  HDRTEST usr/include/linux/nvram.h
  HDRTEST usr/include/linux/ppp-ioctl.h
  HDRTEST usr/include/linux/reiserfs_xattr.h
  HDRTEST usr/include/linux/pcitest.h
  HDRTEST usr/include/linux/perf_event.h
  HDRTEST usr/include/linux/pfkeyv2.h
  HDRTEST usr/include/linux/pmu.h
  HDRTEST usr/include/linux/prctl.h
  CC      fs/ext4/verity.o
  HDRTEST usr/include/linux/raw.h
  HDRTEST usr/include/linux/rio_mport_cdev.h
  AR      kernel/rcu/built-in.a
  HDRTEST usr/include/linux/rtc.h
  HDRTEST usr/include/linux/sed-opal.h
  HDRTEST usr/include/linux/serial_core.h
  CC      kernel/time/time.o
  CC      kernel/trace/trace_clock.o
  HDRTEST usr/include/linux/signal.h
  HDRTEST usr/include/linux/spcom.h
  HDRTEST usr/include/linux/switchtec_ioctl.h
  HDRTEST usr/include/linux/tee.h
  CC      kernel/sched/walt/qc_vas.o
  HDRTEST usr/include/linux/thermal.h
  HDRTEST usr/include/linux/toshiba.h
  HDRTEST usr/include/linux/usbdevice_fs.h
  HDRTEST usr/include/linux/vboxguest.h
  AR      fs/ext4/built-in.a
  HDRTEST usr/include/linux/ipv6_route.h
  HDRTEST usr/include/linux/ion.h
  CC      fs/fat/cache.o
  CC      kernel/trace/ring_buffer.o
  HDRTEST usr/include/linux/ipc.h
  HDRTEST usr/include/linux/kfd_ioctl.h
  CC      kernel/sched/walt/core_ctl.o
  CC      kernel/sched/walt/trace.o
  HDRTEST usr/include/linux/kdev_t.h
  HDRTEST usr/include/linux/libc-compat.h
  HDRTEST usr/include/linux/lp.h
  HDRTEST usr/include/linux/mhi.h
  HDRTEST usr/include/linux/mroute.h
  HDRTEST usr/include/linux/msm_ipa.h
  HDRTEST usr/include/linux/nbd-netlink.h
  HDRTEST usr/include/linux/netfilter_bridge.h
  CC      kernel/time/timer.o
  HDRTEST usr/include/linux/netfilter_ipv4.h
  CC      fs/fat/dir.o
  HDRTEST usr/include/linux/psample.h
  HDRTEST usr/include/linux/pg.h
  HDRTEST usr/include/linux/pps.h
  HDRTEST usr/include/linux/qbt_handler.h
  CC      kernel/trace/trace.o
  HDRTEST usr/include/linux/ptrace.h
  HDRTEST usr/include/linux/qrng.h
  HDRTEST usr/include/linux/rmnet_data.h
  CC      kernel/sched/walt/cpu-boost.o
  HDRTEST usr/include/linux/rmnet_ipa_fd_ioctl.h
  HDRTEST usr/include/linux/scc.h
  HDRTEST usr/include/linux/route.h
  CC      kernel/trace/trace_output.o
  CC      kernel/trace/trace_seq.o
  HDRTEST usr/include/linux/rose.h
  HDRTEST usr/include/linux/rxrpc.h
  HDRTEST usr/include/linux/snmp.h
  HDRTEST usr/include/linux/signalfd.h
  HDRTEST usr/include/linux/sonypi.h
  HDRTEST usr/include/linux/soundcard.h
  CC      fs/fat/fatent.o
  HDRTEST usr/include/linux/tipc_netlink.h
  HDRTEST usr/include/linux/virtio_config.h
  HDRTEST usr/include/linux/virtio_ids.h
  HDRTEST usr/include/linux/virtio_rng.h
  CC      kernel/trace/trace_stat.o
  HDRTEST usr/include/linux/virtio_ring.h
  HDRTEST usr/include/linux/vtpm_proxy.h
  CC      kernel/trace/trace_printk.o
  HDRTEST usr/include/linux/vsockmon.h
  HDRTEST usr/include/linux/wait.h
  CC      kernel/time/hrtimer.o
  HDRTEST usr/include/linux/wmi.h
  HDRTEST usr/include/linux/x25.h
  HDRTEST usr/include/media/msm_cvp_private.h
  AR      kernel/sched/walt/built-in.a
  HDRTEST usr/include/media/radio-iris-commands.h
  HDRTEST usr/include/media/synx.h
  CC      kernel/sched/loadavg.o
  CC      kernel/sched/clock.o
  HDRTEST usr/include/media/radio-iris.h
  CC      fs/fat/file.o
  HDRTEST usr/include/misc/habanalabs.h
  HDRTEST usr/include/misc/cxl.h
  HDRTEST usr/include/misc/fastrpc.h
  HDRTEST usr/include/misc/xilinx_sdfec.h
  HDRTEST usr/include/misc/ocxl.h
  HDRTEST usr/include/misc/wigig_sensing_uapi.h
  HDRTEST usr/include/mtd/mtd-abi.h
  CC      fs/fat/inode.o
  CC      fs/fat/misc.o
  HDRTEST usr/include/mtd/inftl-user.h
  HDRTEST usr/include/mtd/mtd-user.h
  HDRTEST usr/include/mtd/nftl-user.h
  HDRTEST usr/include/mtd/ubi-user.h
  HDRTEST usr/include/rdma/hfi/hfi1_ioctl.h
  HDRTEST usr/include/rdma/hfi/hfi1_user.h
  HDRTEST usr/include/rdma/bnxt_re-abi.h
  CC      kernel/time/timekeeping.o
  CC      kernel/trace/trace_sched_switch.o
  HDRTEST usr/include/rdma/cxgb3-abi.h
  HDRTEST usr/include/rdma/cxgb4-abi.h
  HDRTEST usr/include/rdma/efa-abi.h
  HDRTEST usr/include/rdma/hns-abi.h
  HDRTEST usr/include/rdma/i40iw-abi.h
  CC      fs/fat/nfs.o
  HDRTEST usr/include/rdma/ib_user_ioctl_cmds.h
  CC      fs/fat/namei_vfat.o
  HDRTEST usr/include/rdma/ib_user_ioctl_verbs.h
  HDRTEST usr/include/rdma/ib_user_mad.h
  HDRTEST usr/include/rdma/ib_user_sa.h
  HDRTEST usr/include/rdma/ib_user_verbs.h
  HDRTEST usr/include/rdma/mthca-abi.h
  CC      kernel/sched/cputime.o
  HDRTEST usr/include/rdma/mlx4-abi.h
  HDRTEST usr/include/rdma/mlx5-abi.h
  CC      fs/fat/namei_msdos.o
  HDRTEST usr/include/rdma/mlx5_user_ioctl_cmds.h
  HDRTEST usr/include/rdma/mlx5_user_ioctl_verbs.h
  HDRTEST usr/include/rdma/qedr-abi.h
  CC      kernel/trace/trace_nop.o
  CC      kernel/trace/blktrace.o
  HDRTEST usr/include/rdma/ocrdma-abi.h
  CC      kernel/trace/trace_events.o
  CC      kernel/trace/trace_export.o
  HDRTEST usr/include/rdma/rdma_netlink.h
  HDRTEST usr/include/rdma/rvt-abi.h
  HDRTEST usr/include/rdma/siw-abi.h
  HDRTEST usr/include/rdma/rdma_user_ioctl.h
  HDRTEST usr/include/rdma/rdma_user_cm.h
  CC      kernel/time/ntp.o
  HDRTEST usr/include/rdma/rdma_user_ioctl_cmds.h
  HDRTEST usr/include/rdma/rdma_user_rxe.h
  AR      fs/fat/built-in.a
  HDRTEST usr/include/rdma/vmw_pvrdma-abi.h
  HDRTEST usr/include/scsi/fc/fc_els.h
  CC      fs/fuse/dev.o
  HDRTEST usr/include/scsi/fc/fc_fs.h
  CC      fs/incfs/data_mgmt.o
  HDRTEST usr/include/scsi/fc/fc_ns.h
  HDRTEST usr/include/scsi/fc/fc_gs.h
  HDRTEST usr/include/scsi/cxlflash_ioctl.h
  CC      fs/iomap/apply.o
  HDRTEST usr/include/scsi/scsi_bsg_fc.h
  HDRTEST usr/include/scsi/scsi_bsg_ufs.h
  HDRTEST usr/include/scsi/scsi_netlink.h
  CC      kernel/trace/trace_event_perf.o
  HDRTEST usr/include/scsi/scsi_netlink_fc.h
  HDRTEST usr/include/sound/sof/abi.h
  CC      kernel/sched/idle.o
  CC      kernel/time/clocksource.o
  HDRTEST usr/include/sound/sof/fw.h
  HDRTEST usr/include/sound/sof/header.h
  HDRTEST usr/include/sound/sof/tokens.h
  HDRTEST usr/include/sound/asound_fm.h
  HDRTEST usr/include/sound/asequencer.h
  HDRTEST usr/include/sound/asoc.h
  HDRTEST usr/include/sound/asound.h
  CC      fs/iomap/buffered-io.o
  CC      fs/incfs/format.o
  CC      fs/incfs/integrity.o
  HDRTEST usr/include/sound/compress_offload.h
  HDRTEST usr/include/sound/compress_params.h
  HDRTEST usr/include/sound/emu10k1.h
  HDRTEST usr/include/sound/firewire.h
  HDRTEST usr/include/sound/hdsp.h
  HDRTEST usr/include/sound/hdspm.h
  CC      kernel/time/jiffies.o
  HDRTEST usr/include/sound/sb16_csp.h
  HDRTEST usr/include/sound/sfnt_info.h
  CC      kernel/trace/trace_events_filter.o
  CC      kernel/trace/trace_events_trigger.o
  HDRTEST usr/include/sound/skl-tplg-interface.h
  HDRTEST usr/include/sound/snd_sst_tokens.h
  CC      fs/fuse/dir.o
  HDRTEST usr/include/sound/tlv.h
  CC      fs/incfs/main.o
  HDRTEST usr/include/sound/usb_stream.h
  HDRTEST usr/include/video/sisfb.h
  HDRTEST usr/include/video/edid.h
  HDRTEST usr/include/video/uvesafb.h
  HDRTEST usr/include/xen/evtchn.h
  HDRTEST usr/include/xen/gntalloc.h
  HDRTEST usr/include/xen/gntdev.h
  CC      fs/incfs/vfs.o
  CC      kernel/time/timer_list.o
  HDRTEST usr/include/xen/privcmd.h
  HDRTEST usr/include/asm/kvm.h
  CC      kernel/sched/fair.o
  HDRTEST usr/include/asm/bpf_perf_event.h
  HDRTEST usr/include/asm/fcntl.h
  HDRTEST usr/include/asm/byteorder.h
  CC      fs/fuse/file.o
  HDRTEST usr/include/asm/bitsperlong.h
  HDRTEST usr/include/asm/auxvec.h
  HDRTEST usr/include/asm/hwcap.h
  HDRTEST usr/include/asm/signal.h
  CC      fs/iomap/direct-io.o
  HDRTEST usr/include/asm/perf_regs.h
  CC      kernel/time/timeconv.o
  HDRTEST usr/include/asm/param.h
  CC      kernel/time/timecounter.o
  HDRTEST usr/include/asm/posix_types.h
  HDRTEST usr/include/asm/ipcbuf.h
  CC      kernel/trace/bpf_trace.o
  HDRTEST usr/include/asm/setup.h
  CC      kernel/trace/trace_kprobe.o
  HDRTEST usr/include/asm/ptrace.h
  HDRTEST usr/include/asm/sigcontext.h
  HDRTEST usr/include/asm/statfs.h
  HDRTEST usr/include/asm/unistd.h
  HDRTEST usr/include/asm/kvm_para.h
  AR      fs/incfs/built-in.a
  HDRTEST usr/include/asm/sve_context.h
  CC      kernel/time/alarmtimer.o
  CC      fs/fuse/inode.o
  HDRTEST usr/include/asm/ioctl.h
  HDRTEST usr/include/asm/ucontext.h
  HDRTEST usr/include/asm/poll.h
  HDRTEST usr/include/asm/errno.h
  HDRTEST usr/include/asm/ioctls.h
  HDRTEST usr/include/asm/mman.h
  HDRTEST usr/include/asm/resource.h
  HDRTEST usr/include/asm/msgbuf.h
  CC      kernel/trace/power-traces.o
  HDRTEST usr/include/asm/sembuf.h
  CC      fs/iomap/fiemap.o
  CC      kernel/sched/rt.o
  HDRTEST usr/include/asm/shmbuf.h
  HDRTEST usr/include/asm/stat.h
  HDRTEST usr/include/asm/socket.h
  HDRTEST usr/include/asm/siginfo.h
  HDRTEST usr/include/asm/sockios.h
  HDRTEST usr/include/asm/swab.h
  HDRTEST usr/include/asm/termbits.h
  HDRTEST usr/include/asm/termios.h
  HDRTEST usr/include/asm/types.h
  CC      fs/fuse/control.o
  HDRTEST usr/include/audio/linux/mfd/wcd9xxx/wcd9320_registers.h
  CC      kernel/time/posix-timers.o
  HDRTEST usr/include/audio/linux/mfd/wcd9xxx/wcd9xxx_registers.h
  HDRTEST usr/include/audio/linux/avtimer.h
  CC      kernel/time/posix-cpu-timers.o
  HDRTEST usr/include/audio/linux/msm_audio_ac3.h
  HDRTEST usr/include/audio/linux/msm_audio_aac.h
  HDRTEST usr/include/audio/linux/msm_audio.h
  HDRTEST usr/include/audio/linux/msm_audio_alac.h
  HDRTEST usr/include/audio/linux/msm_audio_g711_dec.h
  CC      kernel/sched/deadline.o
  HDRTEST usr/include/audio/linux/msm_audio_amrnb.h
  CC      kernel/trace/rpm-traces.o
  HDRTEST usr/include/audio/linux/msm_audio_amrwb.h
  HDRTEST usr/include/audio/linux/msm_audio_ar.h
  CC      fs/iomap/seek.o
  HDRTEST usr/include/audio/linux/msm_audio_amrwbplus.h
  HDRTEST usr/include/audio/linux/msm_audio_calibration.h
  HDRTEST usr/include/audio/linux/msm_audio_ape.h
  HDRTEST usr/include/audio/linux/msm_audio_g711.h
  CC      fs/fuse/xattr.o
  CC      kernel/fork.o
  HDRTEST usr/include/audio/linux/msm_audio_mvs.h
  HDRTEST usr/include/audio/linux/msm_audio_qcp.h
  CC      kernel/time/posix-clock.o
  HDRTEST usr/include/audio/linux/msm_audio_sbc.h
  HDRTEST usr/include/audio/linux/msm_audio_voicememo.h
  HDRTEST usr/include/audio/linux/msm_audio_wmapro.h
  CC      kernel/trace/trace_dynevent.o
  HDRTEST usr/include/audio/linux/msm_audio_wma.h
  HDRTEST usr/include/audio/linux/wcd-spi-ac-params.h
  HDRTEST usr/include/audio/sound/msmcal-hwdep.h
  HDRTEST usr/include/audio/sound/wcd-dsp-glink.h
  HDRTEST usr/include/audio/sound/audio_compressed_formats.h
  HDRTEST usr/include/audio/sound/audio_effects.h
  CC      kernel/trace/trace_probe.o
  HDRTEST usr/include/audio/sound/voice_params.h
  CC      fs/iomap/swapfile.o
  HDRTEST usr/include/audio/sound/audio_slimslave.h
  CC      fs/fuse/acl.o
  HDRTEST usr/include/audio/sound/lsm_params.h
  HDRTEST usr/include/audio/sound/devdep_params.h
  HDRTEST usr/include/audio/sound/msm-cirrus-playback.h
  HDRTEST usr/include/camera/media/cam_icp.h
  CC      fs/fuse/readdir.o
  HDRTEST usr/include/camera/media/cam_custom.h
  CC      kernel/sched/wait.o
  HDRTEST usr/include/camera/media/cam_cpas.h
  CC      kernel/time/itimer.o
  HDRTEST usr/include/camera/media/cam_fd.h
  HDRTEST usr/include/camera/media/cam_defs.h
  HDRTEST usr/include/camera/media/cam_isp_ife.h
  HDRTEST usr/include/camera/media/cam_isp.h
  HDRTEST usr/include/camera/media/cam_lrme.h
  HDRTEST usr/include/camera/media/cam_jpeg.h
  HDRTEST usr/include/camera/media/cam_isp_vfe.h
  HDRTEST usr/include/camera/media/cam_isp_sfe.h
  CC      fs/fuse/passthrough.o
  HDRTEST usr/include/camera/media/cam_isp_tfe.h
  HDRTEST usr/include/camera/media/cam_ope.h
  HDRTEST usr/include/camera/media/cam_req_mgr.h
  HDRTEST usr/include/camera/media/cam_sensor.h
  CC      kernel/time/clockevents.o
  CC      kernel/time/tick-common.o
  HDRTEST usr/include/camera/media/cam_sync.h
  CC      kernel/trace/trace_uprobe.o
  HDRTEST usr/include/camera/media/cam_tfe.h
  HDRTEST usr/include/display/drm/mi_disp.h
  CC      kernel/exec_domain.o
  HDRTEST usr/include/display/drm/sde_drm.h
  HDRTEST usr/include/display/drm/msm_drm_pp.h
  AR      fs/iomap/built-in.a
  CC      kernel/sched/wait_bit.o
  HDRTEST usr/include/display/hdcp/msm_hdmi_hdcp_mgr.h
  HDRTEST usr/include/display/media/mmm_color_fmt.h
  HDRTEST usr/include/display/media/msm_sde_rotator.h
  HDRTEST usr/include/vidc/media/msm_media_info.h
  HDRTEST usr/include/vidc/media/msm_vidc_utils.h
  AR      fs/fuse/built-in.a
  CC      fs/jbd2/transaction.o
  CC      fs/jbd2/commit.o
  CC      kernel/trace/ipc_logging.o
  CC      kernel/time/tick-broadcast.o
  AS      usr/initramfs_data.o
  CC      kernel/time/tick-broadcast-hrtimer.o
  AR      usr/built-in.a
  CC      kernel/time/sched_clock.o
  CC      kernel/sched/swait.o
  CC      kernel/sched/completion.o
  CC      fs/jbd2/recovery.o
  AR      kernel/trace/built-in.a
  CC      kernel/time/tick-oneshot.o
  CC      kernel/time/tick-sched.o
  CC      kernel/time/vsyscall.o
  CC      kernel/panic.o
  CC      kernel/cpu.o
  CC      fs/jbd2/checkpoint.o
  CC      fs/jbd2/revoke.o
  CC      fs/jbd2/journal.o
  CC      kernel/exit.o
  CC      kernel/softirq.o
  CC      kernel/resource.o
  AR      kernel/time/built-in.a
  AR      ipc/built-in.a
  CC      kernel/sched/cpupri.o
  CC      kernel/sched/cpudeadline.o
  CC      kernel/sysctl.o
  CC      kernel/sched/topology.o
  CC      kernel/sched/stop_task.o
  AR      fs/jbd2/built-in.a
  CC      fs/kernfs/mount.o
  CC      fs/kernfs/inode.o
  CC      kernel/sysctl_binary.o
  CC      kernel/sched/pelt.o
  CC      kernel/sched/stats.o
  CC      fs/kernfs/dir.o
  CC      fs/kernfs/file.o
  CC      kernel/capability.o
  CC      kernel/ptrace.o
  CC      fs/kernfs/symlink.o
  CC      kernel/sched/debug.o
  CC      kernel/sched/cpuacct.o
  CC      kernel/user.o
  CC      kernel/sched/cpufreq.o
  CC      kernel/signal.o
  CC      kernel/sched/cpufreq_schedutil.o
  CC      kernel/sched/membarrier.o
  AR      fs/kernfs/built-in.a
  CC      fs/nls/nls_base.o
  CC      fs/nls/nls_cp437.o
  CC      kernel/sched/isolation.o
  CC      kernel/sys.o
  CC      kernel/umh.o
  CC      fs/nls/nls_cp737.o
  CC      fs/nls/nls_cp775.o
  CC      fs/nls/nls_cp850.o
  CC      kernel/workqueue.o
  CC      fs/nls/nls_cp852.o
  CC      kernel/pid.o
  CC      kernel/task_work.o
  CC      kernel/extable.o
  CC      fs/nls/nls_cp855.o
  CC      fs/nls/nls_cp857.o
  CC      kernel/sched/psi.o
  CC      fs/nls/nls_cp860.o
  CC      fs/nls/nls_cp861.o
  CC      fs/nls/nls_cp862.o
  CC      kernel/params.o
  CC      fs/nls/nls_cp863.o
  CC      kernel/kthread.o
  CC      kernel/sys_ni.o
  CC      kernel/nsproxy.o
  CC      fs/nls/nls_cp864.o
  CC      security/integrity/iint.o
  CC      security/integrity/integrity_audit.o
  CC      kernel/notifier.o
  CC      fs/nls/nls_cp865.o
  CC      kernel/ksysfs.o
  AR      security/integrity/built-in.a
  CC      security/keys/gc.o
  CC      security/keys/key.o
  CC      fs/nls/nls_cp866.o
  AR      kernel/sched/built-in.a
  CC      fs/nls/nls_cp869.o
  CC      fs/nls/nls_cp874.o
  CC      fs/nls/nls_cp932.o
  CC      kernel/cred.o
  CC      security/keys/keyring.o
  CC      security/keys/keyctl.o
  GEN     security/selinux/flask.h security/selinux/av_permissions.h
  CC      security/selinux/avc.o
  CC      security/keys/permission.o
  CC      fs/nls/nls_euc-jp.o
  CC      security/keys/process_keys.o
  CC      fs/nls/nls_cp936.o
  CC      fs/nls/nls_cp949.o
  CC      fs/nls/nls_cp950.o
  CC      security/keys/request_key.o
  CC      kernel/reboot.o
  CC      fs/nls/nls_cp1250.o
  CC      security/selinux/hooks.o
  CC      security/selinux/selinuxfs.o
  CC      security/selinux/netlink.o
  CC      security/selinux/nlmsgtab.o
  CC      fs/nls/nls_cp1251.o
  CC      security/selinux/netif.o
  CC      fs/nls/nls_ascii.o
  CC      security/keys/request_key_auth.o
  CC      security/selinux/netnode.o
  CC      kernel/async.o
  CC      fs/nls/nls_iso8859-1.o
  CC      fs/nls/nls_iso8859-2.o
  CC      fs/nls/nls_iso8859-3.o
  CC      fs/nls/nls_iso8859-4.o
  CC      security/keys/user_defined.o
  CC      kernel/range.o
  CC      security/keys/compat.o
  CC      security/keys/proc.o
  CC      security/keys/sysctl.o
  CC      kernel/smpboot.o
  CC      fs/nls/nls_iso8859-5.o
  CC      fs/nls/nls_iso8859-6.o
  CC      kernel/ucount.o
  CC      security/selinux/netport.o
  CC      security/keys/keyctl_pkey.o
  CC      fs/nls/nls_iso8859-7.o
  CC      fs/nls/nls_cp1255.o
  CC      security/selinux/ss/ebitmap.o
  CC      security/selinux/ss/hashtab.o
  CC      security/selinux/ss/symtab.o
  CC      security/selinux/ss/sidtab.o
  CC      kernel/kmod.o
  CC      kernel/groups.o
  AR      security/keys/built-in.a
  CC      kernel/freezer.o
  CC      kernel/profile.o
  CC      fs/nls/nls_iso8859-9.o
  CC      fs/nls/nls_iso8859-13.o
  CC      kernel/stacktrace.o
  CC      kernel/futex.o
  CC      security/selinux/ss/avtab.o
  CC      security/selinux/ss/policydb.o
  CC      security/selinux/ss/services.o
  CC      fs/nls/nls_iso8859-14.o
  CC      fs/nls/nls_iso8859-15.o
  CC      security/selinux/ss/conditional.o
  CC      security/selinux/ss/mls.o
  CC      security/selinux/ss/status.o
  CC      fs/nls/nls_koi8-r.o
  CC      kernel/smp.o
  CC      fs/nls/nls_koi8-u.o
  CC      fs/nls/nls_koi8-ru.o
  CC      kernel/uid16.o
  CC      fs/nls/nls_utf8.o
  CC      fs/nls/mac-celtic.o
  CC      kernel/module.o
  CC      kernel/kallsyms.o
  CC      kernel/compat.o
  CC      kernel/utsname.o
  AR      security/selinux/built-in.a
  CC      security/commoncap.o
  CC      security/min_addr.o
  CC      fs/nls/mac-centeuro.o
  CC      security/security.o
  CC      security/inode.o
  UPD     kernel/config_data
  CC      fs/nls/mac-croatian.o
  CHK     kernel/kheaders_data.tar.xz
  CC      kernel/stop_machine.o
  CC      security/lsm_audit.o
  AR      fs/notify/dnotify/built-in.a
  CC      kernel/audit.o
  AR      fs/notify/fanotify/built-in.a
  CC      fs/notify/inotify/inotify_fsnotify.o
  CC      fs/nls/mac-cyrillic.o
  CC      fs/nls/mac-gaelic.o
  CC      fs/notify/inotify/inotify_user.o
  CC      kernel/auditfilter.o
  CC      kernel/auditsc.o
  CC      fs/nls/mac-greek.o
  CC      fs/nls/mac-iceland.o
  AR      security/built-in.a
  CC      kernel/audit_watch.o
  AR      fs/notify/inotify/built-in.a
  CC      fs/notify/fsnotify.o
  CC      fs/nls/mac-inuit.o
  CC      crypto/asymmetric_keys/asymmetric_type.o
  CC      crypto/asymmetric_keys/restrict.o
  CC      crypto/asymmetric_keys/signature.o
  CC      fs/notify/notification.o
  CC      fs/notify/group.o
  CC      fs/nls/mac-romanian.o
  CC      fs/nls/mac-roman.o
  CC      kernel/audit_fsnotify.o
  CC      fs/notify/mark.o
  CC      fs/notify/fdinfo.o
  CC      fs/nls/mac-turkish.o
  CC      crypto/asymmetric_keys/public_key.o
  ASN.1   crypto/asymmetric_keys/x509.asn1.[ch]
  ASN.1   crypto/asymmetric_keys/x509_akid.asn1.[ch]
  CC      kernel/audit_tree.o
  CC      kernel/kprobes.o
  AR      fs/nls/built-in.a
  CC      kernel/seccomp.o
  CC      fs/overlayfs/super.o
  CC      fs/overlayfs/namei.o
  AR      fs/notify/built-in.a
  CC      crypto/asymmetric_keys/x509_public_key.o
  CC      fs/overlayfs/util.o
  ASN.1   crypto/asymmetric_keys/pkcs7.asn1.[ch]
  CC      crypto/asymmetric_keys/pkcs7_trust.o
  CC      block/partitions/check.o
  CC      block/bio.o
  CC      fs/proc/task_mmu.o
  CC      crypto/asymmetric_keys/pkcs7_verify.o
  CC      fs/overlayfs/inode.o
  CC      fs/overlayfs/file.o
  CC      fs/overlayfs/dir.o
  CC      fs/proc/inode.o
  CC      block/partitions/msdos.o
  CC      block/partitions/efi.o
  CC      crypto/asymmetric_keys/x509.asn1.o
  CC      crypto/asymmetric_keys/x509_akid.asn1.o
  CC      fs/overlayfs/readdir.o
  CC      fs/overlayfs/copy_up.o
  CC      crypto/asymmetric_keys/x509_cert_parser.o
  GEN     kernel/kheaders_data.tar.xz
  CC      crypto/asymmetric_keys/pkcs7.asn1.o
  CC      fs/proc/root.o
  CC      fs/proc/base.o
  CC      fs/proc/generic.o
  AR      block/partitions/built-in.a
  CC      fs/overlayfs/export.o
  CC      fs/proc/array.o
  CC      block/elevator.o
  CC      crypto/asymmetric_keys/pkcs7_parser.o
  AR      fs/overlayfs/built-in.a
  CC      block/blk-core.o
  CC      block/blk-sysfs.o
  AR      crypto/asymmetric_keys/built-in.a
  CC      crypto/api.o
  CC      crypto/cipher.o
  CC      crypto/compress.o
  CC      fs/proc/fd.o
  CC      block/blk-flush.o
  CC      block/blk-settings.o
  CC      fs/proc/proc_tty.o
  CC      fs/proc/cmdline.o
  CC      fs/proc/consoles.o
  CC      crypto/memneq.o
  CC      block/blk-ioc.o
  CC      fs/proc/cpuinfo.o
  CC      crypto/crypto_engine.o
  CC      crypto/algapi.o
  CC      crypto/scatterwalk.o
  CC      crypto/proc.o
  CC      fs/proc/devices.o
  CC      fs/proc/interrupts.o
  CC      crypto/aead.o
  CC      block/blk-map.o
  CC      crypto/ablkcipher.o
  CC      fs/proc/loadavg.o
  CC      fs/proc/meminfo.o
  CC      fs/proc/stat.o
  CC      block/blk-exec.o
  CC      block/blk-merge.o
  CC      crypto/blkcipher.o
  CC      fs/proc/uptime.o
  CC      crypto/skcipher.o
  CC      block/blk-softirq.o
  CC      block/blk-timeout.o
  CC      fs/proc/util.o
  CC      fs/proc/version.o
  CC      crypto/seqiv.o
  CC      fs/proc/softirqs.o
  CC      crypto/echainiv.o
  CC      block/blk-lib.o
  CC      crypto/ahash.o
  CC      crypto/shash.o
  CC      fs/proc/namespaces.o
  CC      fs/proc/self.o
  CC      fs/proc/thread_self.o
  CC      fs/proc/proc_sysctl.o
  CC      fs/pstore/inode.o
  CC      crypto/akcipher.o
  CC      crypto/kpp.o
  CC      fs/proc/proc_net.o
  CC      fs/proc/kmsg.o
  CC      block/blk-mq.o
  CC      fs/pstore/platform.o
  CC      fs/proc/page.o
  CC      fs/pstore/pmsg.o
  CC      fs/pstore/ram.o
  CC      fs/pstore/ram_core.o
  ASN.1   crypto/rsapubkey.asn1.[ch]
  ASN.1   crypto/rsaprivkey.asn1.[ch]
  CC      crypto/rsa.o
  CC      crypto/rsa_helper.o
  CC      crypto/rsa-pkcs1pad.o
  CC      block/blk-mq-tag.o
  AR      fs/proc/built-in.a
  CC      block/blk-stat.o
  CC      block/blk-mq-sysfs.o
  AR      fs/pstore/built-in.a
  CC      fs/quota/dquot.o
  CC      fs/quota/quota_v2.o
  CC      fs/quota/quota_tree.o
  CC      crypto/acompress.o
  CC      fs/quota/quota.o
  CC      crypto/scompress.o
  CC      crypto/algboss.o
  CC      block/blk-mq-cpumap.o
  CC      block/blk-mq-sched.o
  CC      block/ioctl.o
  CC      block/genhd.o
  CC      fs/quota/kqid.o
  CC      crypto/testmgr.o
  CC      block/partition-generic.o
  AR      fs/quota/built-in.a
  CC      crypto/cmac.o
  CC      fs/ramfs/inode.o
  CC      fs/ramfs/file-mmu.o
  CC      crypto/hmac.o
  CC      block/ioprio.o
  CC      block/badblocks.o
  CC      crypto/crypto_null.o
  AR      fs/ramfs/built-in.a
  CC      fs/sysfs/file.o
  CC      fs/sysfs/dir.o
  CC      fs/tracefs/inode.o
  CC      block/blk-rq-qos.o
  AR      fs/tracefs/built-in.a
  CC      crypto/md5.o
  CC      crypto/sha1_generic.o
  CC      crypto/sha256_generic.o
  CC      block/scsi_ioctl.o
  CC      fs/sysfs/symlink.o
  CC      fs/sysfs/mount.o
  CC      fs/sysfs/group.o
  SHIPPED fs/unicode/utf8data.h
  CC      fs/unicode/utf8-core.o
  CC      block/bsg.o
  CC      block/bsg-lib.o
  CC      block/blk-cgroup.o
  CC      crypto/sha512_generic.o
  CC      block/mq-deadline.o
  CC      fs/unicode/utf8-norm.o
  AR      fs/sysfs/built-in.a
  CC      block/kyber-iosched.o
  CC      fs/verity/enable.o
  CC      fs/open.o
  CC      crypto/blake2b_generic.o
  AR      fs/unicode/built-in.a
  CC      crypto/gf128mul.o
  CC      crypto/ecb.o
  CC      crypto/cbc.o
  CC      block/bfq-iosched.o
  CC      fs/verity/hash_algs.o
  CC      fs/read_write.o
  CC      fs/file_table.o
  CC      block/bfq-wf2q.o
  CC      block/bfq-cgroup.o
  CC      fs/verity/init.o
  CC      crypto/cts.o
  CC      fs/verity/measure.o
  CC      fs/verity/open.o
  CC      crypto/xts.o
  CC      fs/super.o
  CC      crypto/ctr.o
  CC      block/compat_ioctl.o
  CC      fs/verity/verify.o
  CC      crypto/adiantum.o
  CC      fs/char_dev.o
  CC      crypto/nhpoly1305.o
  CC      fs/verity/signature.o
  CC      kernel/relay.o
  CC      block/blk-mq-pci.o
  CC      fs/stat.o
  CC      fs/exec.o
  CC      fs/pipe.o
  AR      fs/verity/built-in.a
  CC      block/blk-mq-virtio.o
../fs/stat.c:695:31: error: incompatible pointer types passing 'struct compat_stat **' to parameter of type 'struct stat **' [-Werror,-Wincompatible-pointer-types]
  695 |         ksu_handle_newfstat_ret(&fd, &statbuf);
      |                                      ^~~~~~~~
../fs/stat.c:365:76: note: passing argument to parameter 'statbuf_ptr' here
  365 | extern void ksu_handle_newfstat_ret(unsigned int *fd, struct stat __user **statbuf_ptr);
      |                                                                            ^
1 error generated.
make[2]: *** [../scripts/Makefile.build:288: fs/stat.o] Error 1
make[2]: *** Waiting for unfinished jobs....
  CC      block/blk-pm.o
  CC      crypto/gcm.o
  CC      crypto/ccm.o
  CC      crypto/cryptd.o
  CC      kernel/utsname_sysctl.o
  CC      drivers/amba/bus.o
  CC      crypto/des_generic.o
  CC      block/keyslot-manager.o
  CC      block/bio-crypt-ctx.o
  CC      crypto/aes_generic.o
  CC      crypto/chacha_generic.o
make[1]: *** [/home/wyc/android_kernel_xiaomi_sm8350-miui/Makefile:1859: fs] Error 2
make[1]: *** Waiting for unfinished jobs....
  CC      block/blk-crypto.o
  CC      block/blk-crypto-fallback.o
  AR      drivers/amba/built-in.a
  CC      drivers/android/binderfs.o
  CC      crypto/poly1305_generic.o
  CC      drivers/android/binder.o
  CC      drivers/android/binder_alloc.o
  CC      drivers/android/vendor_hooks.o
  CC      crypto/deflate.o
  AR      block/built-in.a
  CC      crypto/crc32c_generic.o
  AR      drivers/auxdisplay/built-in.a
  CC      drivers/block/zram/zcomp.o
  AR      drivers/base/firmware_loader/builtin/built-in.a
  CC      drivers/base/firmware_loader/fallback_table.o
  CC      drivers/base/firmware_loader/main.o
  CC      drivers/base/firmware_loader/fallback.o
  CC      drivers/base/power/sysfs.o
  CC      drivers/block/zram/zram_drv.o
  CC      crypto/crc32_generic.o
  AR      drivers/android/built-in.a
  CC      crypto/authenc.o
  CC      drivers/bluetooth/btsdio.o
  CC      drivers/bluetooth/btpower.o
../drivers/block/zram/zram_drv.c:167:56: warning: shift count >= width of type [-Wshift-count-overflow]
  167 |         zram->table[index].flags &= ~(ZRAM_COMP_PRIORITY_MASK <<
      |                                                               ^
  168 |                                       ZRAM_COMP_PRIORITY_BIT1);
      |                                       ~~~~~~~~~~~~~~~~~~~~~~~
../drivers/block/zram/zram_drv.c:169:36: warning: shift count >= width of type [-Wshift-count-overflow]
  169 |         zram->table[index].flags |= (prio << ZRAM_COMP_PRIORITY_BIT1);
      |                                           ^  ~~~~~~~~~~~~~~~~~~~~~~~
  CC      drivers/base/power/generic_ops.o
../drivers/block/zram/zram_drv.c:2199:21: warning: variable 'prio' is uninitialized when used here [-Wuninitialized]
 2199 |         comp = zram->comps[prio];
      |                            ^~~~
../drivers/block/zram/zram_drv.c:2188:10: note: initialize the variable 'prio' to silence this warning
 2188 |         u32 prio;
      |                 ^
      |                  = 0
3 warnings generated.
  CC      drivers/bluetooth/btfm_slim.o
  CC      drivers/block/zram/zram_dedup.o
  AR      drivers/base/firmware_loader/built-in.a
  CC      drivers/base/power/common.o
  CC      crypto/authencesn.o
  CC      crypto/lz4.o
  CC      drivers/bluetooth/btfm_slim_codec.o
  AR      drivers/block/zram/built-in.a
  CC      drivers/block/brd.o
  CC      crypto/rng.o
  CC      drivers/base/power/qos.o
  CC      drivers/base/power/runtime.o
  CC      drivers/base/power/wakeirq.o
  CC      drivers/bluetooth/btfm_slim_slave.o
  CC      drivers/block/loop.o
  CC      drivers/base/power/main.o
  CC      crypto/ansi_cprng.o
  AR      drivers/bluetooth/built-in.a
  CC      crypto/drbg.o
  CC      drivers/base/power/wakeup.o
  CC      drivers/base/power/wakeup_stats.o
  CC      crypto/jitterentropy.o
  CC      drivers/base/power/domain.o
  CC      drivers/base/power/domain_governor.o
  CC      crypto/jitterentropy-kcapi.o
  AR      drivers/bus/mhi/controllers/built-in.a
  CC      drivers/bus/mhi/core/mhi_init.o
  CC      drivers/block/neuron_block_server.o
  CC      drivers/base/power/clock_ops.o
  CC      drivers/bus/mhi/core/mhi_main.o
  CC      drivers/bus/mhi/devices/mhi_uci.o
  CC      crypto/ghash-generic.o
  CC      drivers/bus/mhi/core/mhi_pm.o
  AR      drivers/bus/mhi/devices/built-in.a
  CC      drivers/bus/mhi/core/mhi_boot.o
  AR      drivers/block/built-in.a
  CC      drivers/bus/mhi/core/mhi_dtr.o
  AR      drivers/cdrom/built-in.a
  CC      crypto/zstd.o
  AR      drivers/base/power/built-in.a
  CC      drivers/base/regmap/regmap.o
  CC      drivers/base/regmap/regcache.o
  CC      drivers/base/regmap/regcache-rbtree.o
  CC      drivers/base/regmap/regcache-flat.o
  CC      drivers/base/regmap/regmap-i2c.o
  CC      crypto/ecc.o
  CC      crypto/essiv.o
  AR      drivers/base/test/built-in.a
  CC      drivers/base/regmap/regmap-spi.o
  CC      drivers/base/component.o
  CC      crypto/ecdh.o
  AR      drivers/bus/mhi/core/built-in.a
  AR      drivers/bus/mhi/built-in.a
  CC      drivers/bus/qcom-ebi2.o
  CC      crypto/ecdh_helper.o
  CC      drivers/base/regmap/regmap-spmi.o
  CC      drivers/base/regmap/regmap-mmio.o
  AR      drivers/bus/built-in.a
  CC      drivers/base/regmap/regmap-irq.o
  CC      crypto/hash_info.o
  CC      drivers/base/core.o
  CC      crypto/simd.o
  CC      drivers/base/bus.o
  CC      crypto/rsapubkey.asn1.o
  CC      drivers/base/dd.o
  CC      crypto/rsaprivkey.asn1.o
  CC      drivers/base/syscore.o
  AR      drivers/base/regmap/built-in.a
  AR      drivers/char/ipmi/built-in.a
  AR      drivers/char/agp/built-in.a
  CC      drivers/char/hw_random/core.o
  AR      drivers/clk/actions/built-in.a
  AR      drivers/clk/analogbits/built-in.a
  AR      drivers/clk/bcm/built-in.a
  CC      drivers/clk/hisilicon/clk.o
  AR      crypto/built-in.a
  CC      drivers/clk/hisilicon/clkgate-separated.o
  CC      drivers/clk/hisilicon/clkdivider-hi6220.o
  CC      drivers/clk/hisilicon/clk-hisi-phase.o
  CC      drivers/clk/hisilicon/crg-hi3516cv300.o
  CC      drivers/char/hw_random/hisi-rng.o
  CC      drivers/base/driver.o
  CC      drivers/base/class.o
  CC      drivers/clk/hisilicon/clk-hi3519.o
  CC      drivers/char/hw_random/msm_rng.o
  CC      drivers/clk/hisilicon/clk-hi3660.o
  CC      drivers/base/platform.o
  CC      drivers/clk/hisilicon/clk-hi3670.o
  CC      drivers/clk/hisilicon/crg-hi3798cv200.o
  AR      drivers/char/hw_random/built-in.a
  CC      drivers/char/mem.o
  CC      drivers/char/random.o
  CC      drivers/char/misc.o
  CC      drivers/char/adsprpc.o
  CC      drivers/char/adsprpc_compat.o
  CC      drivers/clk/hisilicon/clk-hi6220.o
  CC      drivers/clk/hisilicon/reset.o
  CC      drivers/base/cpu.o
  CC      drivers/base/firmware.o
  CC      drivers/base/init.o
  CC      drivers/base/map.o
  CC      drivers/char/rdbg.o
  CC      drivers/clk/hisilicon/clk-hi6220-stub.o
  CC      drivers/clk/hisilicon/clk-hi3660-stub.o
  CC      drivers/base/devres.o
  CC      drivers/base/attribute_container.o
  CC      drivers/base/transport_class.o
  CC      drivers/clocksource/timer-of.o
  CC      drivers/base/topology.o
  AR      drivers/clk/hisilicon/built-in.a
  AR      drivers/char/built-in.a
  AR      drivers/clk/imgtec/built-in.a
  AR      drivers/clk/imx/built-in.a
  CC      drivers/cpufreq/cpufreq.o
  AR      drivers/clk/ingenic/built-in.a
  AR      drivers/clk/mediatek/built-in.a
  AR      drivers/clk/mvebu/built-in.a
  AR      drivers/clk/renesas/built-in.a
  CC      drivers/clk/qcom/common.o
  CC      drivers/clk/qcom/vdd-class.o
  CC      drivers/clk/qcom/clk-regmap.o
  CC      drivers/clk/qcom/clk-alpha-pll.o
  CC      drivers/clocksource/timer-probe.o
  CC      drivers/base/container.o
  CC      drivers/clocksource/mmio.o
  CC      drivers/clocksource/timer-sun4i.o
  CC      drivers/base/property.o
  CC      drivers/clocksource/timer-mediatek.o
  CC      drivers/base/cacheinfo.o
  CC      drivers/cpufreq/freq_table.o
  CC      drivers/cpufreq/cpufreq_stats.o
  CC      drivers/cpufreq/cpufreq_times.o
  CC      drivers/clk/qcom/clk-opp.o
  CC      drivers/clocksource/arm_arch_timer.o
  CC      drivers/clocksource/timer-sp804.o
  CC      drivers/base/devcon.o
  CC      drivers/base/swnode.o
  CC      drivers/clk/qcom/clk-pll.o
  CC      drivers/cpufreq/cpufreq_performance.o
  CC      drivers/clocksource/dummy_timer.o
  CC      drivers/clk/qcom/clk-rcg.o
  CC      drivers/cpufreq/cpufreq_powersave.o
  AR      drivers/clocksource/built-in.a
  CC      drivers/clk/qcom/clk-rcg2.o
  CC      drivers/cpuidle/governors/menu.o
  CC      drivers/cpuidle/cpuidle.o
  CC      drivers/base/memory.o
  CC      drivers/cpufreq/cpufreq_conservative.o
  CC      drivers/cpufreq/cpufreq_governor.o
  CC      drivers/cpufreq/cpufreq_governor_attr_set.o
  CC      drivers/clk/qcom/clk-branch.o
  AR      drivers/cpuidle/governors/built-in.a
  CC      drivers/base/module.o
  CC      drivers/clk/qcom/clk-regmap-divider.o
  CC      drivers/cpufreq/qcom-cpufreq-hw.o
  CC      drivers/cpufreq/scmi-cpufreq.o
  CC      drivers/base/hypervisor.o
  CC      drivers/base/soc.o
  CC      drivers/base/pinctrl.o
  CC      drivers/base/platform-msi.o
  CC      drivers/cpuidle/driver.o
  CC      drivers/clk/qcom/clk-regmap-mux.o
  CC      drivers/cpufreq/scpi-cpufreq.o
  CC      drivers/base/arch_topology.o
  CC      drivers/clk/qcom/clk-regmap-mux-div.o
  CC      drivers/clk/qcom/clk-hfpll.o
  CC      drivers/cpuidle/governor.o
  AR      drivers/cpufreq/built-in.a
  CC      drivers/cpuidle/sysfs.o
  CC      drivers/cpuidle/lpm-levels.o
  CC      drivers/cpuidle/lpm-levels-of.o
  CC      drivers/clk/qcom/reset.o
  AR      drivers/base/built-in.a
  CC      drivers/clk/qcom/clk-debug.o
  AR      drivers/crypto/hisilicon/built-in.a
  AR      drivers/dax/pmem/built-in.a
  CC      drivers/crypto/msm/qce50.o
  CC      drivers/dax/super.o
  CC      drivers/dax/bus.o
  CC      drivers/clk/qcom/gdsc-regulator.o
  CC      drivers/crypto/msm/qcedev.o
  CC      drivers/clk/qcom/gdsc.o
  AR      drivers/dax/built-in.a
  CC      drivers/crypto/msm/qcedev_smmu.o
  CC      drivers/clk/qcom/clk-dummy.o
  CC      drivers/clk/qcom/clk-aop-qmp.o
  AR      drivers/cpuidle/built-in.a
  CC      drivers/clk/qcom/debugcc-lahaina.o
  AR      drivers/devfreq/event/built-in.a
  CC      drivers/devfreq/devfreq.o
  CC      drivers/devfreq/devfreq-event.o
  CC      drivers/devfreq/governor_simpleondemand.o
  CC      drivers/devfreq/governor_performance.o
  CC      drivers/devfreq/governor_powersave.o
  CC      drivers/clk/qcom/dispcc-lahaina.o
  CC      drivers/crypto/msm/compat_qcedev.o
  CC      drivers/crypto/msm/qcrypto.o
  CC      drivers/clk/qcom/gcc-lahaina.o
  CC      drivers/devfreq/governor_userspace.o
  CC      drivers/clk/qcom/gpucc-lahaina.o
  AR      drivers/dma/mediatek/built-in.a
  CC      drivers/dma/qcom/gpi.o
  AR      drivers/dma/ti/built-in.a
  CC      drivers/devfreq/governor_passive.o
  AR      drivers/dma/xilinx/built-in.a
  CC      drivers/devfreq/governor_cpufreq.o
  CC      drivers/dma/dmaengine.o
  CC      drivers/devfreq/bimc-bwmon.o
  CC      drivers/clk/qcom/camcc-lahaina.o
  AR      drivers/dma/qcom/built-in.a
  CC      drivers/clk/qcom/videocc-lahaina.o
  CC      drivers/dma/virt-dma.o
  CC      drivers/dma/of-dma.o
  CC      drivers/dma-buf/dma-buf.o
  CC      drivers/devfreq/arm-memlat-mon.o
  CC      drivers/dma-buf/dma-fence.o
  AR      drivers/crypto/msm/built-in.a
  CC      drivers/devfreq/governor_bw_hwmon.o
  AR      drivers/crypto/built-in.a
  CC      drivers/devfreq/governor_memlat.o
  CC      drivers/clk/qcom/clk-rpmh.o
  CC      drivers/clk/qcom/camcc-shima.o
  CC      drivers/devfreq/devfreq_icc.o
  AR      drivers/dma/built-in.a
  CC      drivers/devfreq/devfreq_simple_dev.o
  CC      drivers/devfreq/devfreq_qcom_qoslat.o
  CC      drivers/dma-buf/dma-fence-array.o
  CC      drivers/edac/edac_mc.o
  CC      drivers/dma-buf/dma-fence-chain.o
  CC      drivers/dma-buf/dma-resv.o
  CC      drivers/edac/edac_device.o
  CC      drivers/dma-buf/seqno-fence.o
  AR      drivers/devfreq/built-in.a
  CC      drivers/clk/qcom/camcc-yupik.o
  CC      drivers/clk/qcom/debugcc-shima.o
  CC      drivers/clk/qcom/debugcc-yupik.o
  CC      drivers/clk/qcom/dispcc-shima.o
  CC      drivers/edac/edac_mc_sysfs.o
  CC      drivers/dma-buf/sync_file.o
  CC      drivers/edac/edac_module.o
  CC      drivers/clk/qcom/dispcc-yupik.o
  CC      drivers/edac/edac_device_sysfs.o
  CC      drivers/edac/wq.o
  AR      drivers/dma-buf/built-in.a
  CC      drivers/edac/edac_pci.o
  CC      drivers/extcon/extcon.o
  CC      drivers/extcon/devres.o
  CC      drivers/extcon/extcon-usb-gpio.o
  AR      drivers/firewire/built-in.a
  CC      drivers/edac/edac_pci_sysfs.o
  CC      drivers/clk/qcom/gcc-shima.o
  CC      drivers/edac/kryo_arm64_edac.o
  CC      drivers/edac/qcom_edac.o
  CC      drivers/clk/qcom/gcc-yupik.o
  CC      drivers/clk/qcom/gpucc-shima.o
  AR      drivers/extcon/built-in.a
  CC      drivers/clk/qcom/gpucc-yupik.o
  CC      drivers/clk/qcom/videocc-shima.o
  CC      drivers/firmware/arm_scmi/bus.o
  CC      drivers/firmware/arm_scmi/driver.o
  CC      drivers/firmware/arm_scmi/base.o
  CC      drivers/firmware/arm_scmi/clock.o
  AR      drivers/edac/built-in.a
  CC      drivers/firmware/arm_scmi/perf.o
  CC      drivers/fragmention/fragmentize_main.o
  CC      drivers/firmware/arm_scmi/power.o
  CC      drivers/gnss/core.o
  CC      drivers/gpio/gpiolib.o
  CC      drivers/clk/qcom/videocc-yupik.o
  CC      drivers/firmware/arm_scmi/reset.o
  CC      drivers/gpio/gpiolib-devres.o
  CC      drivers/firmware/arm_scmi/sensors.o
  CC      drivers/gpio/gpiolib-legacy.o
  AR      drivers/fragmention/built-in.a
  CC      drivers/gpio/gpiolib-devprop.o
  AR      drivers/clk/qcom/built-in.a
  AR      drivers/clk/sunxi/built-in.a
  AR      drivers/clk/ti/built-in.a
  CC      drivers/firmware/arm_scmi/memlat_vendor.o
  CC      drivers/clk/clk-devres.o
  AR      drivers/gnss/built-in.a
  CC      drivers/gpio/gpiolib-of.o
  CC      drivers/firmware/arm_scmi/plh_vendor.o
  CC      drivers/clk/clk-bulk.o
  CC      drivers/clk/clkdev.o
  CC      drivers/clk/clk.o
  CC      drivers/hid/usbhid/hid-core.o
  AR      drivers/gpu/drm/arm/built-in.a
  AR      drivers/gpu/drm/bridge/synopsys/built-in.a
  CC      drivers/gpu/drm/bridge/lt9611uxc.o
  AR      drivers/firmware/arm_scmi/built-in.a
  AR      drivers/firmware/broadcom/built-in.a
  CC      drivers/gpio/gpio-pl061.o
  CC      drivers/firmware/efi/libstub/arm-stub.o
  CC      drivers/firmware/efi/libstub/arm64-stub.o
  CC      drivers/firmware/efi/libstub/efi-stub-helper.o
  CC      drivers/hid/usbhid/hiddev.o
  AR      drivers/gpio/built-in.a
  AR      drivers/gpu/drm/bridge/built-in.a
  AR      drivers/gpu/drm/hisilicon/built-in.a
  AR      drivers/gpu/drm/i2c/built-in.a
  CC      drivers/hwmon/hwmon.o
  AR      drivers/gpu/drm/omapdrm/displays/built-in.a
  AR      drivers/gpu/drm/omapdrm/dss/built-in.a
  AR      drivers/gpu/drm/omapdrm/built-in.a
  CC      drivers/hwmon/qti_amoled_ecm.o
  AR      drivers/gpu/drm/panel/built-in.a
  CC      drivers/firmware/efi/libstub/fdt.o
  AR      drivers/gpu/drm/rcar-du/built-in.a
  AR      drivers/gpu/drm/tilcdc/built-in.a
  CC      drivers/firmware/efi/libstub/gop.o
  AR      drivers/gpu/drm/tiny/built-in.a
  CC      drivers/clk/clk-divider.o
  CC      drivers/gpu/drm/ttm/ttm_memory.o
  CC      drivers/gpu/drm/ttm/ttm_tt.o
  CC      drivers/gpu/drm/ttm/ttm_bo.o
  CC      drivers/firmware/efi/libstub/lib-fdt.o
  AR      drivers/hid/usbhid/built-in.a
  CC      drivers/clk/clk-fixed-factor.o
  CC      drivers/hid/hid-core.o
  CC      drivers/firmware/efi/libstub/lib-fdt_empty_tree.o
  AR      drivers/hwmon/built-in.a
  CC      drivers/firmware/efi/libstub/lib-fdt_ro.o
  CC      drivers/hwspinlock/hwspinlock_core.o
  CC      drivers/hwtracing/coresight/coresight.o
  CC      drivers/firmware/efi/libstub/lib-fdt_rw.o
  CC      drivers/firmware/efi/libstub/lib-fdt_sw.o
  CC      drivers/hid/hid-input.o
  CC      drivers/clk/clk-fixed-rate.o
  CC      drivers/gpu/drm/ttm/ttm_bo_util.o
  CC      drivers/firmware/efi/libstub/lib-fdt_wip.o
  CC      drivers/firmware/efi/libstub/lib-sort.o
  CC      drivers/hwspinlock/qcom_hwspinlock.o
  CC      drivers/hid/hid-quirks.o
  CC      drivers/firmware/efi/libstub/random.o
  CC      drivers/clk/clk-gate.o
  CC      drivers/hwtracing/coresight/coresight-etm-perf.o
  CC      drivers/hwtracing/coresight/coresight-platform.o
  CC      drivers/gpu/drm/ttm/ttm_bo_vm.o
  AR      drivers/hwspinlock/built-in.a
  CC      drivers/hid/hidraw.o
  CC      drivers/firmware/efi/libstub/secureboot.o
  CC      drivers/firmware/efi/libstub/string.o
  AR      drivers/hwtracing/intel_th/built-in.a
  CC      drivers/clk/clk-multiplier.o
  CC      drivers/gpu/drm/ttm/ttm_module.o
  CC      drivers/gpu/drm/ttm/ttm_execbuf_util.o
  CC      drivers/firmware/efi/libstub/tpm.o
  CC      drivers/hwtracing/coresight/coresight-tmc.o
  CC      drivers/clk/clk-mux.o
  CC      drivers/hid/uhid.o
  CC      drivers/clk/clk-composite.o
  CC      drivers/gpu/drm/ttm/ttm_page_alloc.o
  STUBCPY drivers/firmware/efi/libstub/arm-stub.stub.o
  STUBCPY drivers/firmware/efi/libstub/arm64-stub.stub.o
  CC      drivers/hid/hid-generic.o
  STUBCPY drivers/firmware/efi/libstub/efi-stub-helper.stub.o
  STUBCPY drivers/firmware/efi/libstub/fdt.stub.o
  STUBCPY drivers/firmware/efi/libstub/gop.stub.o
  STUBCPY drivers/firmware/efi/libstub/lib-fdt.stub.o
  STUBCPY drivers/firmware/efi/libstub/lib-fdt_empty_tree.stub.o
  STUBCPY drivers/firmware/efi/libstub/lib-fdt_ro.stub.o
  STUBCPY drivers/firmware/efi/libstub/lib-fdt_rw.stub.o
  STUBCPY drivers/firmware/efi/libstub/lib-fdt_sw.stub.o
  STUBCPY drivers/firmware/efi/libstub/lib-fdt_wip.stub.o
  STUBCPY drivers/firmware/efi/libstub/lib-sort.stub.o
  STUBCPY drivers/firmware/efi/libstub/random.stub.o
  CC      drivers/clk/clk-fractional-divider.o
  STUBCPY drivers/firmware/efi/libstub/secureboot.stub.o
  STUBCPY drivers/firmware/efi/libstub/string.stub.o
  STUBCPY drivers/firmware/efi/libstub/tpm.stub.o
  AR      drivers/firmware/efi/libstub/lib.a
  CC      drivers/gpu/drm/ttm/ttm_bo_manager.o
  CC      drivers/gpu/drm/ttm/ttm_page_alloc_dma.o
  EXPORTS drivers/firmware/efi/libstub/lib-ksyms.o
  AR      drivers/firmware/efi/libstub/built-in.a
../drivers/hwtracing/coresight/coresight-tmc.c:423:26: warning: 'sscanf' may overflow; destination buffer in argument 3 has size 10, but the corresponding specifier may require size 11 [-Wfortify-source]
  423 |         if (sscanf(buf, "%10s", str) != 1)
      |                                 ^
../drivers/hwtracing/coresight/coresight-tmc.c:464:26: warning: 'sscanf' may overflow; destination buffer in argument 3 has size 10, but the corresponding specifier may require size 11 [-Wfortify-source]
  464 |         if (sscanf(buf, "%10s", str) != 1)
      |                                 ^
  CC      drivers/firmware/efi/efi.o
2 warnings generated.
  CC      drivers/hid/hid-apple.o
  CC      drivers/hid/hid-elecom.o
  CC      drivers/hwtracing/coresight/coresight-tmc-etf.o
  CC      drivers/hid/hid-lg.o
  CC      drivers/firmware/efi/vars.o
  CC      drivers/clk/clk-gpio.o
  CC      drivers/firmware/efi/reboot.o
  AR      drivers/gpu/drm/ttm/built-in.a
  CC      drivers/clk/clk-conf.o
  CC      drivers/gpu/drm/drm_crtc_helper.o
  CC      drivers/hid/hid-logitech-dj.o
  CC      drivers/firmware/efi/memattr.o
  CC      drivers/hwtracing/coresight/coresight-tmc-etr.o
  CC      drivers/hwtracing/coresight/coresight-byte-cntr.o
  CC      drivers/clk/clk-scpi.o
  CC      drivers/firmware/efi/tpm.o
  CC      drivers/hwtracing/coresight/coresight-funnel.o
  CC      drivers/hid/hid-logitech-hidpp.o
  AR      drivers/clk/built-in.a
  CC      drivers/gpu/drm/drm_dp_helper.o
  CC      drivers/gpu/drm/drm_dsc.o
  CC      drivers/firmware/efi/capsule.o
  CC      drivers/gpu/drm/drm_probe_helper.o
  CC      drivers/hwtracing/coresight/coresight-replicator.o
  CC      drivers/hid/hid-magicmouse.o
  CC      drivers/gpu/drm/drm_plane_helper.o
  CC      drivers/hid/hid-microsoft.o
  CC      drivers/hwtracing/coresight/coresight-stm.o
  CC      drivers/hwtracing/coresight/coresight-cti.o
  CC      drivers/hwtracing/coresight/coresight-tpda.o
  CC      drivers/hwtracing/coresight/coresight-tpdm.o
  CC      drivers/firmware/efi/memmap.o
  CC      drivers/hid/hid-multitouch.o
  CC      drivers/hid/hid-nintendo.o
  CC      drivers/gpu/drm/drm_dp_mst_topology.o
  CC      drivers/firmware/efi/esrt.o
  CC      drivers/hwtracing/coresight/coresight-hwevent.o
  CC      drivers/hwtracing/coresight/coresight-dummy.o
  CC      drivers/hid/hid-prodikeys.o
  CC      drivers/hid/hid-picolcd_core.o
  CC      drivers/firmware/efi/runtime-wrappers.o
  CC      drivers/firmware/efi/arm-init.o
  CC      drivers/hid/hid-plantronics.o
  CC      drivers/gpu/drm/drm_atomic_helper.o
  CC      drivers/hwtracing/coresight/coresight-remote-etm.o
  CC      drivers/hwtracing/coresight/coresight-csr.o
  CC      drivers/hwtracing/coresight/coresight-tgu.o
  CC      drivers/hwtracing/coresight/apss_tgu.o
  CC      drivers/hid/hid-playstation.o
  CC      drivers/firmware/efi/arm-runtime.o
  CC      drivers/firmware/efi/earlycon.o
  CC      drivers/hid/hid-roccat.o
  CC      drivers/gpu/drm/drm_kms_helper_common.o
  CC      drivers/gpu/drm/drm_dp_dual_mode_helper.o
  CC      drivers/hid/hid-roccat-common.o
  CC      drivers/hwtracing/coresight/coresight-ost.o
  AR      drivers/firmware/efi/built-in.a
  CC      drivers/hid/hid-roccat-arvo.o
  AR      drivers/firmware/imx/built-in.a
  AR      drivers/firmware/meson/built-in.a
  CC      drivers/firmware/psci/psci.o
  CC      drivers/hid/hid-roccat-isku.o
  CC      drivers/gpu/drm/drm_simple_kms_helper.o
  CC      drivers/hid/hid-roccat-kone.o
  CC      drivers/hid/hid-roccat-koneplus.o
  CC      drivers/gpu/drm/drm_modeset_helper.o
  AR      drivers/firmware/tegra/built-in.a
  CC      drivers/gpu/drm/drm_scdc_helper.o
  AR      drivers/firmware/psci/built-in.a
  CC      drivers/gpu/drm/drm_gem_framebuffer_helper.o
  AR      drivers/firmware/xilinx/built-in.a
  CC      drivers/firmware/arm_scpi.o
  AR      drivers/hwtracing/coresight/built-in.a
  CC      drivers/hid/hid-roccat-konepure.o
  CC      drivers/hid/hid-roccat-kovaplus.o
  CC      drivers/hid/hid-roccat-lua.o
  CC      drivers/firmware/qcom_scm.o
  CC      drivers/gpu/drm/drm_atomic_state_helper.o
  CC      drivers/hid/hid-roccat-pyra.o
  CC      drivers/firmware/qcom_scm-smc.o
  CC      drivers/firmware/qtee_shmbridge.o
  CC      drivers/hid/hid-roccat-ryos.o
  CC      drivers/hid/hid-roccat-savu.o
  CC      drivers/gpu/drm/drm_damage_helper.o
  CC      drivers/gpu/drm/drm_format_helper.o
  CC      drivers/gpu/drm/drm_self_refresh_helper.o
  CC      drivers/gpu/drm/bridge/panel.o
  AR      drivers/firmware/built-in.a
  CC      drivers/gpu/drm/drm_fb_cma_helper.o
  CC      drivers/hid/hid-aksys.o
  CC      drivers/hwtracing/stm/core.o
  CC      drivers/hwtracing/stm/policy.o
  CC      drivers/hid/hid-sony.o
  CC      drivers/hid/hid-steam.o
  CC      drivers/hid/hid-uclogic-core.o
  CC      drivers/gpu/drm/drm_auth.o
  CC      drivers/hwtracing/stm/p_basic.o
  CC      drivers/gpu/drm/drm_cache.o
  CC      drivers/hid/hid-uclogic-rdesc.o
  CC      drivers/gpu/drm/drm_file.o
  CC      drivers/gpu/drm/drm_gem.o
  CC      drivers/gpu/drm/drm_ioctl.o
  AR      drivers/hwtracing/stm/built-in.a
  CC      drivers/hid/hid-uclogic-params.o
  CC      drivers/i2c/algos/i2c-algo-bit.o
  AR      drivers/i3c/built-in.a
  CC      drivers/i2c/busses/i2c-gpio.o
  CC      drivers/i2c/busses/i2c-msm-geni.o
  CC      drivers/hid/wacom_wac.o
  AR      drivers/i2c/algos/built-in.a
  CC      drivers/gpu/drm/drm_irq.o
  AR      drivers/i2c/muxes/built-in.a
  CC      drivers/hid/wacom_sys.o
  CC      drivers/hid/hid-wiimote-core.o
  CC      drivers/hid/hid-wiimote-modules.o
  CC      drivers/hid/hid-qvr.o
  AR      drivers/i2c/busses/built-in.a
  CC      drivers/i2c/i2c-boardinfo.o
  CC      kernel/delayacct.o
  CC      kernel/taskstats.o
  CC      drivers/gpu/drm/drm_memory.o
  CC      kernel/tsacct.o
  CC      kernel/tracepoint.o
  CC      drivers/hid/hid-trace.o
  CC      drivers/i2c/i2c-core-base.o
  CC      drivers/gpu/drm/drm_drv.o
  CC      drivers/gpu/drm/drm_pci.o
  CC      drivers/gpu/drm/drm_sysfs.o
  CC      drivers/gpu/drm/drm_hashtab.o
  CC      kernel/irq_work.o
  AR      drivers/hid/built-in.a
  CC      drivers/i2c/i2c-core-smbus.o
  CC      drivers/i2c/i2c-core-of.o
  CC      drivers/gpu/drm/drm_mm.o
  CC      drivers/i2c/i2c-dev.o
  AR      drivers/idle/built-in.a
  CC      kernel/cpu_pm.o
  CC      kernel/scs.o
  CC      drivers/gpu/drm/drm_crtc.o
  CC      kernel/cfi.o
  CC      drivers/gpu/drm/drm_fourcc.o
  CC      drivers/gpu/drm/drm_modes.o
  CC      drivers/gpu/drm/drm_edid.o
  CC      drivers/gpu/drm/drm_encoder_slave.o
  CC      kernel/jump_label.o
  AR      drivers/i2c/built-in.a
  CC      kernel/iomem.o
  AR      drivers/iio/accel/built-in.a
  CC      drivers/iio/adc/qcom-spmi-adc5.o
  CC      drivers/gpu/drm/drm_trace_points.o
  CC      drivers/gpu/drm/drm_prime.o
  CC      drivers/iio/adc/qcom-vadc-common.o
  CC      drivers/gpu/drm/drm_rect.o
  CC      drivers/gpu/drm/drm_vma_manager.o
  GZIP    kernel/config_data.gz
  CC      kernel/kheaders.o
  AR      drivers/iio/addac/built-in.a
  CC      drivers/gpu/drm/drm_flip_work.o
  AR      drivers/iio/afe/built-in.a
  CC      drivers/gpu/drm/drm_modeset_lock.o
  AR      drivers/iio/amplifiers/built-in.a
  AR      drivers/iio/adc/built-in.a
  CC      drivers/gpu/drm/drm_atomic.o
  CC      drivers/iio/buffer/industrialio-buffer-cb.o
  CC      kernel/configs.o
  CC      drivers/iio/buffer/industrialio-triggered-buffer.o
  CC      drivers/iio/buffer/kfifo_buf.o
  CC      drivers/gpu/drm/drm_bridge.o
  CC      drivers/gpu/drm/drm_framebuffer.o
  CC      drivers/gpu/drm/drm_connector.o
  AR      kernel/built-in.a
  AR      drivers/iio/chemical/built-in.a
  CC      drivers/gpu/drm/drm_blend.o
  AR      drivers/iio/buffer/built-in.a
  AR      drivers/iio/common/cros_ec_sensors/built-in.a
  AR      drivers/iio/common/hid-sensors/built-in.a
  AR      drivers/iio/dac/built-in.a
  AR      drivers/iio/common/ms_sensors/built-in.a
  AR      drivers/iio/common/ssp_sensors/built-in.a
  CC      drivers/gpu/drm/drm_encoder.o
  AR      drivers/iio/common/st_sensors/built-in.a
  AR      drivers/iio/common/built-in.a
  AR      drivers/iio/dummy/built-in.a
  AR      drivers/iio/frequency/built-in.a
  CC      drivers/gpu/drm/drm_mode_object.o
  AR      drivers/iio/gyro/built-in.a
  AR      drivers/iio/health/built-in.a
  AR      drivers/iio/humidity/built-in.a
  CC      drivers/input/serio/serio.o
  AR      drivers/iio/imu/bmi160/built-in.a
  CC      drivers/input/fingerprint/goodix_fod/gf_spi.o
  AR      drivers/iio/imu/inv_mpu6050/built-in.a
  AR      drivers/iio/imu/st_lsm6dsx/built-in.a
  AR      drivers/iio/imu/built-in.a
  AR      drivers/iio/light/built-in.a
  AR      drivers/iio/magnetometer/built-in.a
  AR      drivers/iio/multiplexer/built-in.a
  AR      drivers/iio/orientation/built-in.a
  AR      drivers/iio/potentiometer/built-in.a
  AR      drivers/iio/potentiostat/built-in.a
  AR      drivers/iio/pressure/built-in.a
  AR      drivers/iio/proximity/built-in.a
  AR      drivers/iio/resolver/built-in.a
  CC      drivers/gpu/drm/drm_property.o
  AR      drivers/iio/temperature/built-in.a
  CC      drivers/input/serio/serport.o
  AR      drivers/iio/trigger/built-in.a
  CC      drivers/iio/industrialio-core.o
  CC      drivers/iio/industrialio-event.o
  CC      drivers/iio/inkern.o
  CC      drivers/input/fingerprint/goodix_fod/platform.o
  CC      drivers/input/fingerprint/goodix_fod/netlink.o
  CC      drivers/input/serio/libps2.o
  CC      drivers/iio/industrialio-buffer.o
  CC      drivers/iio/industrialio-trigger.o
  CC      drivers/gpu/drm/drm_plane.o
  CC      drivers/gpu/drm/drm_color_mgmt.o
  CC      drivers/gpu/drm/drm_print.o
  AR      drivers/input/serio/built-in.a
  CC      drivers/gpu/trace/trace_gpu_mem.o
  CC      drivers/gpu/msm/kgsl.o
  CC      drivers/gpu/msm/kgsl_bus.o
  AR      drivers/input/fingerprint/goodix_fod/built-in.a
  AR      drivers/input/fingerprint/built-in.a
  CC      drivers/input/joystick/xpad.o
  CC      drivers/gpu/drm/drm_dumb_buffers.o
  AR      drivers/iio/built-in.a
  CC      drivers/gpu/drm/drm_mode_config.o
  CC      drivers/interconnect/qcom/lahaina.o
  CC      drivers/interconnect/core.o
  AR      drivers/input/joystick/built-in.a
  CC      drivers/gpu/drm/drm_vblank.o
  CC      drivers/input/keyboard/atkbd.o
  CC      drivers/gpu/msm/kgsl_drawobj.o
  CC      drivers/input/keyboard/gpio_keys.o
  AR      drivers/gpu/trace/built-in.a
  AR      drivers/gpu/vga/built-in.a
  CC      drivers/interconnect/qcom/shima.o
  CC      drivers/gpu/drm/drm_syncobj.o
  CC      drivers/gpu/drm/drm_lease.o
  CC      drivers/gpu/msm/kgsl_events.o
  CC      drivers/gpu/drm/drm_writeback.o
  CC      drivers/gpu/msm/kgsl_gmu_core.o
  CC      drivers/interconnect/qcom/yupik.o
  CC      drivers/interconnect/qcom/bcm-voter.o
  AR      drivers/input/keyboard/built-in.a
  CC      drivers/input/misc/aw8697_haptic/ringbuffer.o
  CC      drivers/input/misc/qpnp-power-on.o
  CC      drivers/input/misc/uinput.o
  CC      drivers/gpu/drm/drm_client.o
  CC      drivers/gpu/drm/drm_client_modeset.o
  CC      drivers/input/misc/aw8697_haptic/aw8697.o
  CC      drivers/gpu/msm/kgsl_ioctl.o
  CC      drivers/interconnect/qcom/icc-rpmh.o
  CC      drivers/interconnect/qcom/qnoc-qos.o
  CC      drivers/interconnect/qcom/epss-l3.o
  CC      drivers/gpu/msm/kgsl_mmu.o
  CC      drivers/gpu/msm/kgsl_pool.o
  CC      drivers/gpu/drm/drm_atomic_uapi.o
  AR      drivers/input/misc/aw8697_haptic/built-in.a
  CC      drivers/gpu/drm/drm_hdcp.o
  AR      drivers/input/misc/built-in.a
  CC      drivers/gpu/msm/kgsl_pwrctrl.o
  CC      drivers/input/stmvl53l5/stmvl53l5_spi.o
  AR      drivers/interconnect/qcom/built-in.a
  AR      drivers/interconnect/built-in.a
  CC      drivers/input/stmvl53l5/stmvl53l5_i2c.o
  CC      drivers/input/stmvl53l5/stmvl53l5_load_fw.o
  CC      drivers/input/stmvl53l5/stmvl53l5_module.o
  CC      drivers/gpu/drm/drm_ioc32.o
  CC      drivers/gpu/drm/drm_gem_cma_helper.o
  CC      drivers/gpu/msm/kgsl_pwrscale.o
  CC      drivers/gpu/msm/kgsl_sharedmem.o
  CC      drivers/gpu/msm/kgsl_timeline.o
  CC      drivers/gpu/msm/kgsl_util.o
  CC      drivers/gpu/msm/kgsl_compat.o
  CC      drivers/gpu/msm/kgsl_iommu.o
  AR      drivers/input/stmvl53l5/built-in.a
  CC      drivers/gpu/drm/drm_gem_shmem_helper.o
  CC      drivers/input/touchscreen/cyttsp5/cyttsp5_core.o
  CC      drivers/input/touchscreen/cyttsp5/cyttsp5_mt_common.o
  CC      drivers/input/touchscreen/cyttsp5/cyttsp5_platform.o
  CC      drivers/input/touchscreen/cyttsp5/cyttsp5_mtb.o
  CC      drivers/input/touchscreen/cyttsp5/cyttsp5_devtree.o
  CC      drivers/input/touchscreen/cyttsp5/cyttsp5_i2c.o
  CC      drivers/gpu/msm/kgsl_sync.o
  CC      drivers/gpu/msm/adreno.o
  CC      drivers/gpu/msm/adreno_a6xx.o
  CC      drivers/gpu/msm/adreno_a6xx_gmu.o
  CC      drivers/gpu/msm/adreno_a6xx_hfi.o
  CC      drivers/gpu/drm/drm_panel.o
  CC      drivers/gpu/drm/drm_of.o
  CC      drivers/gpu/drm/drm_mipi_dsi.o
  CC      drivers/input/touchscreen/cyttsp5/cyttsp5_loader.o
  CC      drivers/input/touchscreen/cyttsp5/cyttsp5_device_access.o
  CC      drivers/gpu/msm/adreno_a6xx_hwsched.o
  CC      drivers/gpu/drm/drm_panel_orientation_quirks.o
  CC      drivers/input/touchscreen/fts_spi/fts_lib/ftsCompensation.o
  CC      drivers/input/touchscreen/fts_spi/fts_lib/ftsCore.o
  CC      drivers/input/touchscreen/fts_spi/fts_lib/ftsError.o
  CC      drivers/gpu/msm/adreno_a6xx_hwsched_hfi.o
../drivers/input/touchscreen/cyttsp5/cyttsp5_device_access.c:1810:3: warning: misleading indentation; statement is not part of the previous 'if' [-Wmisleading-indentation]
 1810 |                 dad->cmcp_test_items = test_item;
      |                 ^
../drivers/input/touchscreen/cyttsp5/cyttsp5_device_access.c:1808:2: note: previous statement is here
 1808 |         if (test_item > 0 && test_item < 5)
      |         ^
  CC      drivers/gpu/msm/adreno_a6xx_perfcounter.o
../drivers/input/touchscreen/cyttsp5/cyttsp5_device_access.c:2033:7: warning: misleading indentation; statement is not part of the previous 'for' [-Wmisleading-indentation]
 2033 |                                                 index = prepare_print_string(
      |                                                 ^
../drivers/input/touchscreen/cyttsp5/cyttsp5_device_access.c:2028:6: note: previous statement is here
 2028 |                                         for (j = 1; j < tx_num; j++)
      |                                         ^
../drivers/input/touchscreen/cyttsp5/cyttsp5_device_access.c:2071:7: warning: misleading indentation; statement is not part of the previous 'for' [-Wmisleading-indentation]
 2071 |                                                 index = prepare_print_string(
      |                                                 ^
../drivers/input/touchscreen/cyttsp5/cyttsp5_device_access.c:2066:6: note: previous statement is here
 2066 |                                         for (j = 0; j < tx_num; j++)
      |                                         ^
  CC      drivers/gpu/msm/adreno_a6xx_preempt.o
3 warnings generated.
  CC      drivers/gpu/msm/adreno_a6xx_rgmu.o
  AR      drivers/gpu/drm/built-in.a
  CC      drivers/input/touchscreen/fts_spi/fts_lib/ftsFrame.o
  CC      drivers/gpu/msm/adreno_a6xx_rpmh.o
  CC      drivers/gpu/msm/adreno_cp_parser.o
  AR      drivers/input/touchscreen/cyttsp5/built-in.a
  CC      drivers/input/touchscreen/fts_spi/fts_lib/ftsIO.o
  CC      drivers/input/touchscreen/fts_spi/fts_lib/ftsTest.o
  CC      drivers/input/touchscreen/fts_spi/fts_lib/ftsTool.o
  CC      drivers/input/touchscreen/fts_spi/fts_lib/ftsFlash.o
  CC      drivers/input/touchscreen/fts_spi/fts_lib/ftsGesture.o
  CC      drivers/input/touchscreen/fts_spi/fts_proc.o
  CC      drivers/gpu/msm/adreno_dispatch.o
  CC      drivers/input/touchscreen/synaptics_dsx/synaptics_dsx_i2c.o
  CC      drivers/input/touchscreen/xiaomi/xiaomi_touch.o
  CC      drivers/input/touchscreen/fts_spi/fts.o
  CC      drivers/input/touchscreen/of_touchscreen.o
  CC      drivers/gpu/msm/adreno_drawctxt.o
../drivers/input/touchscreen/fts_spi/fts_proc.c:483:24: warning: 'sscanf' may overflow; destination buffer in argument 3 has size 100, but the corresponding specifier may require size 101 [-Wfortify-source]
  483 |                                 sscanf(p, "%100s", path);
      |                                                    ^
../drivers/input/touchscreen/fts_spi/fts.c:249:29: warning: 'sscanf' may overflow; destination buffer in argument 3 has size 100, but the corresponding specifier may require size 101 [-Wfortify-source]
  249 |         sscanf(buf, "%100s %d %d", path, &mode[0], &mode[1]);
      |                                    ^
../drivers/input/touchscreen/fts_spi/fts.c:1258:3: warning: misleading indentation; statement is not part of the previous 'if' [-Wmisleading-indentation]
 1258 |                 if (res < 0) {
      |                 ^
../drivers/input/touchscreen/fts_spi/fts.c:1256:2: note: previous statement is here
 1256 |         if (active_panel)
      |         ^
1 warning generated.
../drivers/gpu/msm/adreno_dispatch.c:1093:22: warning: unused variable 'device' [-Wunused-variable]
 1093 |         struct kgsl_device *device = dev_priv->device;
      |                             ^~~~~~
  CC      drivers/input/touchscreen/atmel_mxt_ts.o
  CC      drivers/gpu/msm/adreno_hwsched.o
2 warnings generated.
1 warning generated.
  CC      drivers/input/touchscreen/synaptics_dsx/synaptics_dsx_core.o
  CC      drivers/input/touchscreen/synaptics_dsx/synaptics_dsx_rmi_dev.o
  AR      drivers/input/touchscreen/fts_spi/built-in.a
  CC      drivers/input/touchscreen/synaptics_dsx/synaptics_dsx_fw_update.o
  CC      drivers/input/touchscreen/synaptics_dsx/synaptics_dsx_test_reporting.o
  AR      drivers/input/touchscreen/xiaomi/built-in.a
  CC      drivers/input/touchscreen/usbtouchscreen.o
  CC      drivers/gpu/msm/adreno_ioctl.o
  CC      drivers/input/input.o
  CC      drivers/input/input-compat.o
  CC      drivers/input/input-mt.o
  CC      drivers/input/input-poller.o
  CC      drivers/input/ff-core.o
  CC      drivers/gpu/msm/adreno_perfcounter.o
  CC      drivers/gpu/msm/adreno_ringbuffer.o
  AR      drivers/input/touchscreen/synaptics_dsx/built-in.a
  AR      drivers/input/touchscreen/built-in.a
  CC      drivers/gpu/msm/adreno_sysfs.o
  CC      drivers/gpu/msm/governor_msm_adreno_tz.o
  CC      drivers/gpu/msm/governor_gpubw_mon.o
  CC      drivers/gpu/msm/adreno_compat.o
  CC      drivers/input/ff-memless.o
  CC      drivers/input/input-leds.o
  CC      drivers/iommu/iommu.o
  CC      drivers/iommu/iommu-traces.o
  CC      drivers/iommu/iommu-sysfs.o
  CC      drivers/iommu/dma-iommu.o
  CC      drivers/iommu/msm_dma_iommu_mapping.o
  CC      drivers/gpu/msm/adreno_iommu.o
  CC      drivers/input/evdev.o
  CC      drivers/iommu/io-pgtable.o
  CC      drivers/iommu/io-pgtable-arm-v7s.o
  CC      drivers/irqchip/irqchip.o
  CC      drivers/leds/trigger/ledtrig-timer.o
-- ReSukiSU version code: 34878
-- ReSukiSU version name: v4.1.0-47a53940-dirty@ReSukiSU
-- Supported Unofficial Manager: MKSU, RKSU, KOWSU, SukiSU-Ultra, ReSukiSU 
-- KERNEL_VERSION: 5.4
-- KERNEL_TYPE: GKI 1.0
-- ReSukiSU: using Manual Hook
  AR      drivers/input/built-in.a
-- ReSukiSU/manual_hook: You are using LSM hooks for setuid hooks.
-- ReSukiSU/manual_hook: You are using LSM hooks for init rc hooks.
-- ReSukiSU/manual_hook: You are using input_handler for input hooks.
-- ReSukiSU/manual_hook: ksu_handle_execveat found
-- ReSukiSU/manual_hook: ksu_handle_faccessat found
-- ReSukiSU/manual_hook: ksu_handle_stat found
-- ReSukiSU/manual_hook: ksu_handle_newfstat_ret found
-- ReSukiSU/manual_hook: ksu_handle_fstat64_ret found
-- ReSukiSU/manual_hook: ksu_handle_sys_reboot found
-- KPM is enabled
-- WARNING, This feature is unstable!!! You are WARNED!!!
-- ReSukiSU/compat: current_sid found
-- ReSukiSU/compat: selinux_state found
  AR      drivers/macintosh/built-in.a
-- ReSukiSU/compat: kernel_read found
-- ReSukiSU/compat: kernel_write found
  CC      drivers/irqchip/irq-sun4i.o
-- ReSukiSU/compat: path_umount found
  CC      drivers/irqchip/irq-sunxi-nmi.o
  AR      drivers/leds/trigger/built-in.a
-- ReSukiSU/compat: selinux_inode found
-- ReSukiSU/compat: selinux_cred found
  CC      drivers/irqchip/irq-gic.o
  CC      drivers/leds/led-core.o
grep: ../include/linux/seccomp_types.h: No such file or directory
-- ReSukiSU/compat: file_inode() found
  AR      drivers/gpu/msm/built-in.a
  CC      drivers/leds/led-class.o
-- ReSukiSU/compat: ns_get_path found
-- ReSukiSU/compat: modern dentry_open found
  AR      drivers/gpu/built-in.a
-- ReSukiSU/compat: ext4_unregister_sysfs found
-- ReSukiSU/compat: f_op->read_iter found
-- ReSukiSU/compat: iterate_dir found
-- ReSukiSU/compat: modern static_key_interface found
-- ReSukiSU/compat: d_inode found
-- ReSukiSU/compat: inode_lock found
-- ReSukiSU/compat: modern errno file found
-- ReSukiSU/compat: overflow.h found
-- ReSukiSU/compat: modern proc ns header file found
  CC      drivers/iommu/io-pgtable-arm.o
  CC      drivers/kernelsu/core/init.o
  CC      drivers/leds/led-class-flash.o
  CC      drivers/leds/led-class-multicolor.o
  CC      drivers/iommu/iova.o
  CC      drivers/iommu/io-pgtable-fast.o
  CC      drivers/irqchip/irq-gic-common.o
  CC      drivers/iommu/dma-mapping-fast.o
  CC      drivers/irqchip/irq-gic-v2m.o
  CC      drivers/irqchip/irq-gic-v3.o
  CC      drivers/kernelsu/policy/allowlist.o
  CC      drivers/leds/led-triggers.o
  CC      drivers/iommu/of_iommu.o
  CC      drivers/iommu/arm-smmu.o
  CC      drivers/iommu/arm-smmu-impl.o
  CC      drivers/kernelsu/policy/app_profile.o
  CC      drivers/leds/leds-qti-flash.o
  CC      drivers/iommu/arm-smmu-qcom.o
  CC      drivers/leds/leds-qti-tri-led.o
  CC      drivers/leds/leds-qpnp-vibrator-ldo.o
  CC      drivers/irqchip/irq-gic-v3-mbi.o
  CC      drivers/irqchip/irq-gic-v3-its.o
  CC      drivers/mailbox/mailbox.o
  AR      drivers/leds/built-in.a
  CC      drivers/md/dm-uevent.o
  CC      drivers/media/cec/cec-core.o
  CC      drivers/kernelsu/policy/feature.o
  CC      drivers/media/cec/cec-adap.o
  CC      drivers/kernelsu/feature/sucompat.o
  CC      drivers/iommu/arm-smmu-debug.o
  CC      drivers/media/cec/cec-api.o
  CC      drivers/md/dm.o
  CC      drivers/mailbox/hi3660-mailbox.o
  CC      drivers/iommu/iommu-logger.o
  CC      drivers/media/cec/cec-notifier.o
  CC      drivers/media/cec/cec-pin.o
  CC      drivers/irqchip/irq-gic-v3-its-platform-msi.o
  CC      drivers/irqchip/irq-gic-v4.o
  CC      drivers/mailbox/hi6220-mailbox.o
  CC      drivers/kernelsu/feature/kernel_umount.o
  CC      drivers/irqchip/irq-gic-v3-its-pci-msi.o
  CC      drivers/kernelsu/feature/sulog.o
  CC      drivers/kernelsu/feature/adb_root.o
  AR      drivers/media/cec/built-in.a
  AR      drivers/iommu/built-in.a
  AR      drivers/media/common/b2c2/built-in.a
  AR      drivers/media/common/saa7146/built-in.a
  CC      drivers/mfd/act8945a.o
  AR      drivers/media/common/siano/built-in.a
  CC      drivers/mailbox/msm_qmp.o
  AR      drivers/media/common/v4l2-tpg/built-in.a
  CC      drivers/media/common/videobuf2/videobuf2-core.o
  CC      drivers/irqchip/irq-partition-percpu.o
  CC      drivers/irqchip/irq-mbigen.o
  CC      drivers/md/dm-table.o
  CC      drivers/mfd/mfd-core.o
  AR      drivers/mailbox/built-in.a
  CC      drivers/mfd/qcom-i2c-pmic.o
  CC      drivers/mfd/qcom-spmi-pmic.o
  CC      drivers/kernelsu/hook/setuid_hook.o
  CC      drivers/irqchip/msm_show_resume_irq.o
  CC      drivers/irqchip/qcom-pdc.o
  CC      drivers/kernelsu/feature/dynamic_manager.o
  CC      drivers/media/common/videobuf2/vb2-trace.o
  CC      drivers/kernelsu/manager/apk_sign.o
  CC      drivers/kernelsu/manager/throne_tracker.o
  CC      drivers/mfd/syscon.o
  AR      drivers/irqchip/built-in.a
  CC      drivers/mihw/millet/binder_gki.o
  CC      drivers/md/dm-target.o
  AR      drivers/mfd/built-in.a
  CC      drivers/md/dm-linear.o
  AR      drivers/misc/cardreader/built-in.a
  CC      drivers/mmc/core/core.o
  AR      drivers/misc/cb710/built-in.a
  AR      drivers/misc/eeprom/built-in.a
  AR      drivers/misc/lis3lv02d/built-in.a
  AR      drivers/misc/mic/bus/built-in.a
  AR      drivers/misc/mic/built-in.a
  AR      drivers/misc/ti-st/built-in.a
  CC      drivers/misc/sram.o
  CC      drivers/kernelsu/manager/manager.o
  CC      drivers/misc/hdcp_qseecom.o
  CC      drivers/media/common/videobuf2/videobuf2-v4l2.o
  CC      drivers/media/common/videobuf2/videobuf2-memops.o
  CC      drivers/media/common/videobuf2/videobuf2-vmalloc.o
  CC      drivers/mihw/millet/millet_core.o
  CC      drivers/md/dm-stripe.o
  CC      drivers/kernelsu/compat/kernel_compat.o
  CC      drivers/misc/uid_sys_stats.o
  CC      drivers/md/dm-ioctl.o
  CC      drivers/md/dm-io.o
  CC      drivers/md/dm-kcopyd.o
  CC      drivers/mmc/core/bus.o
  CC      drivers/media/common/videobuf2/videobuf2-dma-contig.o
  CC      drivers/misc/qseecom.o
  CC      drivers/kernelsu/infra/su_mount_ns.o
  CC      drivers/mihw/millet/millet_pkg.o
  CC      drivers/mihw/millet/millet_hs.o
  CC      drivers/mmc/core/host.o
  AR      drivers/media/common/videobuf2/built-in.a
  AR      drivers/media/common/built-in.a
  AR      drivers/media/firewire/built-in.a
  CC      drivers/md/dm-sysfs.o
  CC      drivers/media/i2c/ir-kbd-i2c.o
  CC      drivers/media/mc/mc-device.o
  CC      drivers/misc/compat_qseecom.o
  CC      drivers/kernelsu/infra/seccomp_cache.o
  CC      drivers/mmc/core/mmc.o
  CC      drivers/kernelsu/infra/file_wrapper.o
  CC      drivers/kernelsu/infra/event_queue.o
  AR      drivers/media/i2c/built-in.a
  CC      drivers/media/mc/mc-devnode.o
  CC      drivers/misc/mmhardware_others.o
  CC      drivers/mihw/millet/millet_binder.o
  CC      drivers/md/dm-stats.o
  CC      drivers/mihw/millet/millet_sig.o
  CC      drivers/media/mc/mc-entity.o
  CC      drivers/mmc/core/mmc_ops.o
  CC      drivers/misc/hwid.o
  CC      drivers/md/dm-rq.o
  CC      drivers/mmc/core/sd.o
  CC      drivers/mmc/core/sd_ops.o
  CC      drivers/kernelsu/runtime/boot_event.o
  CC      drivers/kernelsu/runtime/ksud_integration.o
  CC      drivers/media/mc/mc-request.o
  CC      drivers/mmc/core/sdio.o
  CC      drivers/mmc/core/sdio_ops.o
  AR      drivers/misc/built-in.a
  CC      drivers/mihw/millet/oem_cgroup.o
  AR      drivers/net/dsa/b53/built-in.a
  AR      drivers/net/dsa/microchip/built-in.a
  AR      drivers/net/dsa/mv88e6xxx/built-in.a
  CC      drivers/mmc/core/sdio_bus.o
  AR      drivers/net/dsa/sja1105/built-in.a
  AR      drivers/net/dsa/built-in.a
  CC      drivers/media/mc/mc-dev-allocator.o
  CC      drivers/net/phy/mdio-boardinfo.o
  CC      drivers/net/phy/phy.o
  CC      drivers/md/dm-builtin.o
  CC      drivers/kernelsu/selinux/selinux.o
  CC      drivers/kernelsu/selinux/sepolicy.o
  AR      drivers/mihw/millet/built-in.a
  AR      drivers/mihw/built-in.a
  CC      drivers/mmc/core/sdio_cis.o
  CC      drivers/mmc/core/sdio_io.o
  CC      drivers/md/dm-bufio.o
  AR      drivers/media/mc/built-in.a
  CC      drivers/mmc/core/sdio_irq.o
  AR      drivers/media/mmc/siano/built-in.a
  AR      drivers/media/mmc/built-in.a
  AR      drivers/media/pci/b2c2/built-in.a
  CC      drivers/mmc/core/slot-gpio.o
  AR      drivers/media/pci/ddbridge/built-in.a
  AR      drivers/media/pci/dm1105/built-in.a
  AR      drivers/media/pci/intel/ipu3/built-in.a
  AR      drivers/media/pci/intel/built-in.a
  AR      drivers/media/platform/cros-ec-cec/built-in.a
  CC      drivers/net/phy/phy-c45.o
  AR      drivers/media/pci/mantis/built-in.a
  AR      drivers/media/platform/davinci/built-in.a
  AR      drivers/media/pci/netup_unidvb/built-in.a
  AR      drivers/media/platform/meson/built-in.a
  AR      drivers/media/pci/ngene/built-in.a
  CC      drivers/media/platform/msm/cvp/cvp.o
  AR      drivers/media/pci/pluto2/built-in.a
  AR      drivers/media/pci/pt1/built-in.a
  AR      drivers/media/pci/pt3/built-in.a
  CC      drivers/kernelsu/selinux/rules.o
  CC      drivers/md/dm-crypt.o
  AR      drivers/media/pci/saa7146/built-in.a
  CC      drivers/mmc/core/regulator.o
  AR      drivers/media/pci/smipcie/built-in.a
  AR      drivers/media/pci/ttpci/built-in.a
  AR      drivers/media/pci/built-in.a
  CC      drivers/mmc/core/pwrseq.o
  CC      drivers/mmc/core/crypto.o
  CC      drivers/media/radio/rtc6226/radio-rtc6226-i2c.o
  CC      drivers/net/phy/phy-core.o
  CC      drivers/media/platform/msm/cvp/msm_cvp_ioctl.o
  CC      drivers/md/dm-default-key.o
  CC      drivers/mmc/core/block.o
  CC      drivers/mmc/core/queue.o
  CC      drivers/kernelsu/sulog/event.o
  CC      drivers/media/radio/rtc6226/radio-rtc6226-common.o
  CC      drivers/kernelsu/sulog/fd.o
  CC      drivers/media/platform/msm/cvp/msm_cvp_platform.o
  CC      drivers/md/dm-snap.o
  CC      drivers/media/platform/msm/cvp/msm_cvp_common.o
  CC      drivers/net/phy/phy_device.o
  AR      drivers/mmc/core/built-in.a
  CC      drivers/mmc/host/sdhci.o
  CC      drivers/kernelsu/supercall/dispatch.o
  CC      drivers/media/platform/msm/cvp/msm_cvp_core.o
  AR      drivers/media/radio/rtc6226/built-in.a
  AR      drivers/media/radio/built-in.a
  CC      drivers/media/platform/msm/cvp/msm_cvp.o
  CC      drivers/net/phy/mdio_bus.o
  CC      drivers/media/rc/keymaps/rc-adstech-dvb-t-pci.o
  CC      drivers/md/dm-exception-store.o
  CC      drivers/md/dm-snap-transient.o
  CC      drivers/mmc/host/sdhci-pltfm.o
  CC      drivers/media/rc/keymaps/rc-alink-dtu-m.o
  CC      drivers/media/platform/msm/cvp/msm_smem.o
  CC      drivers/media/platform/msm/cvp/msm_cvp_debug.o
  CC      drivers/kernelsu/supercall/perm.o
  CC      drivers/media/rc/keymaps/rc-anysee.o
  CC      drivers/media/platform/msm/cvp/msm_cvp_res_parse.o
  CC      drivers/net/phy/mdio_device.o
  CC      drivers/net/phy/swphy.o
  CC      drivers/mmc/host/sdhci-msm.o
  CC      drivers/mmc/host/cqhci.o
  CC      drivers/md/dm-snap-persistent.o
  CC      drivers/media/rc/keymaps/rc-apac-viewcomp.o
  CC      drivers/kernelsu/supercall/supercall.o
  CC      drivers/media/rc/keymaps/rc-astrometa-t2hybrid.o
  CC      drivers/md/dm-verity-fec.o
  CC      drivers/media/rc/keymaps/rc-asus-pc39.o
  CC      drivers/media/rc/keymaps/rc-asus-ps3-100.o
  CC      drivers/media/platform/msm/cvp/cvp_hfi.o
  CC      drivers/net/phy/fixed_phy.o
  CC      drivers/mmc/host/cqhci-crypto.o
  CC      drivers/mmc/host/cqhci-crypto-qti.o
  CC      drivers/media/rc/keymaps/rc-ati-tv-wonder-hd-600.o
  CC      drivers/media/platform/msm/cvp/hfi_response_handler.o
  CC      drivers/kernelsu/kpm/kpm.o
  CC      drivers/md/dm-verity-target.o
  CC      drivers/media/rc/keymaps/rc-ati-x10.o
  CC      drivers/media/rc/keymaps/rc-avermedia-a16d.o
  CC      drivers/media/rc/keymaps/rc-avermedia.o
  CC      drivers/net/phy/microchip.o
  AR      drivers/mmc/host/built-in.a
  CC      drivers/media/platform/msm/cvp/hfi_packetization.o
  AR      drivers/mmc/built-in.a
  CC      drivers/media/rc/keymaps/rc-avermedia-cardbus.o
  CC      drivers/media/rc/keymaps/rc-avermedia-dvbt.o
  CC      drivers/media/rc/keymaps/rc-avermedia-m135a.o
  CC      drivers/md/dm-bow.o
  CC      drivers/kernelsu/kpm/compact.o
  CC      drivers/media/rc/keymaps/rc-avermedia-m733a-rm-k6.o
  CC      drivers/nfc/qti/nfc_common.o
  AR      drivers/nvme/host/built-in.a
  AR      drivers/nvme/target/built-in.a
  AR      drivers/nvme/built-in.a
  AR      drivers/net/phy/built-in.a
  CC      drivers/nfc/qti/nfc_i2c_drv.o
  CC      drivers/net/ppp/ppp_generic.o
  CC      drivers/media/platform/msm/cvp/cvp_core_hfi.o
  CC      drivers/media/rc/keymaps/rc-avermedia-rm-ks.o
  AR      drivers/md/built-in.a
  CC      drivers/media/rc/keymaps/rc-avertv-303.o
  CC      drivers/media/rc/keymaps/rc-azurewave-ad-tu700.o
  CC      drivers/media/rc/keymaps/rc-behold.o
  CC      drivers/nvmem/core.o
  AR      drivers/nfc/qti/built-in.a
  CC      drivers/media/platform/msm/cvp/msm_cvp_clocks.o
  AR      drivers/nfc/built-in.a
  CC      drivers/media/platform/msm/cvp/msm_cvp_dsp.o
  CC      drivers/kernelsu/kpm/super_access.o
  CC      drivers/kernelsu/compat/apatch_conflict.o
  CC      drivers/media/rc/keymaps/rc-behold-columbus.o
  CC      drivers/nvmem/qfprom.o
  CC      drivers/nvmem/qcom-spmi-sdam.o
  CC      drivers/media/platform/msm/cvp/msm_cvp_buf.o
  CC      drivers/media/rc/keymaps/rc-budget-ci-old.o
  CC      drivers/media/rc/keymaps/rc-cinergy-1400.o
  CC      drivers/kernelsu/hook/lsm_hooks.o
  CC      drivers/net/ppp/bsd_comp.o
  CC      drivers/net/ppp/ppp_deflate.o
  AR      drivers/nvmem/built-in.a
  CC      drivers/net/ppp/ppp_mppe.o
  CC      drivers/net/ppp/pppox.o
  CC      drivers/net/ppp/pptp.o
  CC      drivers/media/rc/keymaps/rc-cinergy.o
  CC      drivers/media/platform/msm/cvp/msm_cvp_synx.o
  CC      drivers/media/platform/msm/cvp/cvp_fw_load.o
  CC      drivers/media/rc/keymaps/rc-d680-dmb.o
  CC      drivers/media/rc/keymaps/rc-delock-61959.o
  CC      drivers/media/rc/keymaps/rc-dib0700-nec.o
  CC      drivers/media/rc/keymaps/rc-dib0700-rc5.o
  AR      drivers/kernelsu/built-in.a
  CC      drivers/media/rc/keymaps/rc-digitalnow-tinytwin.o
  CC      drivers/of/base.o
  CC      drivers/of/device.o
  CC      drivers/of/platform.o
  AR      drivers/media/platform/msm/cvp/built-in.a
  CC      drivers/media/platform/msm/synx/synx.o
  CC      drivers/media/platform/msm/synx/synx_util.o
  CC      drivers/media/platform/msm/synx/synx_debugfs.o
  CC      drivers/media/rc/keymaps/rc-digittrade.o
  CC      drivers/media/rc/keymaps/rc-dm1105-nec.o
  AR      drivers/net/ppp/built-in.a
  CC      drivers/net/slip/slhc.o
  CC      drivers/of/property.o
  CC      drivers/of/kobj.o
  CC      drivers/of/fdt.o
  CC      drivers/net/usb/r8152.o
  CC      drivers/of/fdt_address.o
  CC      drivers/media/rc/keymaps/rc-dntv-live-dvb-t.o
  AR      drivers/media/platform/msm/synx/built-in.a
  AR      drivers/media/platform/msm/built-in.a
  AR      drivers/media/platform/omap/built-in.a
  CC      drivers/net/usb/lan78xx.o
  CC      drivers/media/rc/keymaps/rc-dntv-live-dvbt-pro.o
  AR      drivers/media/platform/stm32/built-in.a
  AR      drivers/media/platform/sunxi/sun4i-csi/built-in.a
  AR      drivers/media/platform/sunxi/sun6i-csi/built-in.a
  AR      drivers/media/platform/sunxi/built-in.a
  AR      drivers/media/platform/built-in.a
  CC      drivers/media/rc/rc-main.o
  CC      drivers/media/rc/rc-ir-raw.o
  CC      drivers/media/rc/lirc_dev.o
  CC      drivers/media/rc/keymaps/rc-dtt200u.o
  CC      drivers/of/address.o
  CC      drivers/media/rc/ir-spi.o
  AR      drivers/net/slip/built-in.a
  CC      drivers/media/rc/keymaps/rc-dvbsky.o
  CC      drivers/media/rc/keymaps/rc-dvico-mce.o
  CC      drivers/net/usb/asix_devices.o
  CC      drivers/media/rc/keymaps/rc-dvico-portable.o
  CC      drivers/media/rc/keymaps/rc-em-terratec.o
  CC      drivers/of/irq.o
  CC      drivers/media/rc/keymaps/rc-encore-enltv2.o
  CC      drivers/of/of_net.o
  CC      drivers/of/of_mdio.o
  CC      drivers/of/of_reserved_mem.o
  CC      drivers/net/wireless/cnss2/main.o
  CC      drivers/net/wireless/cnss2/bus.o
  CC      drivers/net/usb/asix_common.o
  CC      drivers/media/rc/keymaps/rc-encore-enltv.o
  CC      drivers/net/wireless/cnss2/debug.o
  CC      drivers/net/wireless/cnss2/pci.o
  CC      drivers/media/rc/keymaps/rc-encore-enltv-fm53.o
  CC      drivers/net/wireless/cnss2/power.o
  CC      drivers/net/usb/ax88172a.o
  CC      drivers/media/rc/keymaps/rc-evga-indtube.o
  CC      drivers/media/rc/keymaps/rc-eztv.o
  CC      drivers/media/rc/keymaps/rc-flydvb.o
  AR      drivers/of/built-in.a
  CC      drivers/media/rc/keymaps/rc-flyvideo.o
  CC      drivers/net/usb/ax88179_178a.o
  CC      drivers/net/usb/cdc_ether.o
  CC      drivers/net/usb/usbnet.o
  CC      drivers/net/wireless/cnss2/genl.o
  CC      drivers/media/rc/keymaps/rc-fusionhdtv-mce.o
  CC      drivers/net/wireless/cnss2/qmi.o
  CC      drivers/media/rc/keymaps/rc-gadmei-rm008z.o
  CC      drivers/net/wireless/cnss2/coexistence_service_v01.o
  CC      drivers/media/rc/keymaps/rc-geekbox.o
  CC      drivers/net/wireless/cnss2/ip_multimedia_subsystem_private_service_v01.o
  CC      drivers/opp/core.o
  CC      drivers/opp/cpu.o
  CC      drivers/opp/of.o
  CC      drivers/pci/controller/dwc/pcie-designware.o
  AR      drivers/net/wireless/cnss2/built-in.a
  CC      drivers/net/wireless/cnss_genl/cnss_nl.o
  CC      drivers/net/wireless/cnss_prealloc/cnss_prealloc.o
  CC      drivers/media/rc/keymaps/rc-genius-tvgo-a11mce.o
  AR      drivers/net/usb/built-in.a
  CC      drivers/media/rc/keymaps/rc-gotview7135.o
  CC      drivers/media/rc/keymaps/rc-hisi-poplar.o
  CC      drivers/media/rc/keymaps/rc-hisi-tv-demo.o
  AR      drivers/opp/built-in.a
  CC      drivers/perf/arm_pmu.o
  CC      drivers/perf/arm_pmu_platform.o
  AR      drivers/net/wireless/cnss_prealloc/built-in.a
  CC      drivers/pci/controller/dwc/pcie-designware-host.o
  CC      drivers/net/wireless/cnss_utils/cnss_utils.o
  CC      drivers/pci/controller/dwc/pcie-designware-ep.o
  CC      drivers/net/wireless/cnss_utils/wlan_firmware_service_v01.o
  CC      drivers/media/rc/keymaps/rc-imon-mce.o
  CC      drivers/media/rc/keymaps/rc-imon-pad.o
  CC      drivers/perf/qcom_llcc_pmu.o
  AR      drivers/net/wireless/cnss_genl/built-in.a
  CC      drivers/media/rc/keymaps/rc-imon-rsc.o
  CC      drivers/pci/controller/dwc/pcie-designware-plat.o
  CC      drivers/net/wireless/cnss_utils/device_management_service_v01.o
  CC      drivers/pci/controller/dwc/pcie-qcom.o
  CC      drivers/media/rc/keymaps/rc-iodata-bctv7e.o
  AR      drivers/phy/allwinner/built-in.a
  CC      drivers/pci/controller/dwc/pcie-kirin.o
  AR      drivers/phy/broadcom/built-in.a
  AR      drivers/phy/cadence/built-in.a
  AR      drivers/phy/freescale/built-in.a
  AR      drivers/phy/hisilicon/built-in.a
  AR      drivers/perf/built-in.a
  CC      drivers/pci/controller/dwc/pcie-al.o
  AR      drivers/phy/lantiq/built-in.a
  AR      drivers/phy/marvell/built-in.a
  AR      drivers/phy/motorola/built-in.a
  AR      drivers/phy/mscc/built-in.a
  CC      drivers/phy/qualcomm/phy-qcom-ufs.o
  CC      drivers/media/rc/keymaps/rc-it913x-v1.o
  CC      drivers/phy/qualcomm/phy-qcom-ufs-qmp-v4-yupik.o
  AR      drivers/phy/ralink/built-in.a
  AR      drivers/net/wireless/cnss_utils/built-in.a
  CC      drivers/media/rc/keymaps/rc-it913x-v2.o
  AR      drivers/net/wireless/built-in.a
  CC      drivers/net/dummy.o
  CC      drivers/net/mii.o
  CC      drivers/media/rc/keymaps/rc-kaiomy.o
  CC      drivers/pci/controller/dwc/pcie-hisi.o
  CC      drivers/net/Space.o
  CC      drivers/net/loopback.o
  CC      drivers/phy/qualcomm/phy-qcom-ufs-qmp-v4-lahaina.o
  CC      drivers/media/rc/keymaps/rc-khadas.o
  CC      drivers/media/rc/keymaps/rc-kworld-315u.o
  AR      drivers/pci/controller/dwc/built-in.a
  CC      drivers/pci/controller/pci-host-common.o
  CC      drivers/phy/qualcomm/phy-qcom-ufs-qmp-v4.o
  CC      drivers/phy/qualcomm/phy-qcom-ufs-qmp-v3.o
  CC      drivers/phy/qualcomm/phy-qcom-ufs-qmp-v3-660.o
  CC      drivers/media/rc/keymaps/rc-kworld-pc150u.o
  CC      drivers/phy/qualcomm/phy-qcom-ufs-qmp-14nm.o
  CC      drivers/net/tun.o
  CC      drivers/net/veth.o
  CC      drivers/media/rc/keymaps/rc-kworld-plus-tv-analog.o
  CC      drivers/pci/controller/pci-host-generic.o
  CC      drivers/media/rc/keymaps/rc-leadtek-y04g0051.o
  CC      drivers/phy/qualcomm/phy-qcom-ufs-qrbtc-sdm845.o
  CC      drivers/media/rc/keymaps/rc-lme2510.o
  CC      drivers/pci/controller/pci-msm.o
  AR      drivers/pinctrl/actions/built-in.a
  AR      drivers/pinctrl/bcm/built-in.a
  CC      drivers/platform/msm/ipa_fmwk/ipa_fmwk.o
  AR      drivers/power/avs/built-in.a
  AR      drivers/pinctrl/cirrus/built-in.a
  CC      drivers/power/reset/hisi-reboot.o
  AR      drivers/pinctrl/freescale/built-in.a
  AR      drivers/pinctrl/mediatek/built-in.a
  AR      drivers/pinctrl/mvebu/built-in.a
  AR      drivers/pinctrl/nomadik/built-in.a
  AR      drivers/phy/qualcomm/built-in.a
  AR      drivers/phy/samsung/built-in.a
  CC      drivers/pinctrl/qcom/pinctrl-msm.o
  AR      drivers/phy/socionext/built-in.a
  CC      drivers/media/rc/keymaps/rc-manli.o
  AR      drivers/phy/st/built-in.a
  AR      drivers/phy/ti/built-in.a
  CC      drivers/phy/phy-core.o
  CC      drivers/power/reset/msm-poweroff.o
  CC      drivers/power/reset/qcom-dload-mode.o
  CC      drivers/media/rc/keymaps/rc-medion-x10.o
  CC      drivers/pinctrl/qcom/pinctrl-spmi-gpio.o
  AR      drivers/phy/built-in.a
  CC      drivers/power/reset/qcom-reboot-reason.o
  CC      drivers/media/rc/keymaps/rc-medion-x10-digitainer.o
  AR      drivers/ptp/built-in.a
  CC      drivers/media/rc/keymaps/rc-medion-x10-or2x.o
  CC      drivers/pinctrl/qcom/pinctrl-spmi-mpp.o
  CC      drivers/pci/controller/pci-msm-msi.o
  AR      drivers/net/built-in.a
  CC      drivers/pci/controller/pci-thunder-ecam.o
  CC      drivers/pci/controller/pci-thunder-pem.o
  AR      drivers/platform/msm/ipa_fmwk/built-in.a
  CC      drivers/platform/msm/sps/bam.o
  AR      drivers/power/reset/built-in.a
  CC      drivers/platform/msm/sps/sps_bam.o
  CC      drivers/power/supply/power_supply_core.o
  CC      drivers/media/rc/keymaps/rc-msi-digivox-ii.o
  CC      drivers/pinctrl/qcom/pinctrl-lahaina.o
  CC      drivers/pinctrl/qcom/pinctrl-shima.o
  CC      drivers/media/rc/keymaps/rc-msi-digivox-iii.o
  CC      drivers/pci/controller/pci-xgene.o
  CC      drivers/platform/msm/sps/sps.o
  CC      drivers/platform/msm/sps/sps_dma.o
  CC      drivers/power/supply/power_supply_sysfs.o
  CC      drivers/media/rc/keymaps/rc-msi-tvanywhere.o
  CC      drivers/media/rc/keymaps/rc-msi-tvanywhere-plus.o
  CC      drivers/pinctrl/qcom/pinctrl-yupik.o
  CC      drivers/power/supply/power_supply_leds.o
  CC      drivers/power/supply/power_supply_hwmon.o
  AR      drivers/pci/controller/built-in.a
  CC      drivers/platform/msm/sps/sps_map.o
  AR      drivers/pci/endpoint/functions/built-in.a
  CC      drivers/pci/pcie/portdrv_core.o
  CC      drivers/pci/endpoint/pci-epc-core.o
  CC      drivers/pci/endpoint/pci-epf-core.o
  CC      drivers/power/supply/qti_battery_charger.o
  CC      drivers/media/rc/keymaps/rc-nebula.o
  CC      drivers/media/rc/keymaps/rc-nec-terratec-cinergy-xs.o
  AR      drivers/pinctrl/qcom/built-in.a
  AR      drivers/pinctrl/sprd/built-in.a
  CC      drivers/platform/msm/sps/sps_mem.o
  AR      drivers/pinctrl/ti/built-in.a
  CC      drivers/pinctrl/core.o
  CC      drivers/pinctrl/pinctrl-utils.o
  CC      drivers/power/supply/qti_typec_class.o
  CC      drivers/pci/pcie/portdrv_pci.o
  CC      drivers/pci/pcie/err.o
  CC      drivers/media/rc/keymaps/rc-norwood.o
  CC      drivers/pci/endpoint/pci-epc-mem.o
  CC      drivers/platform/msm/sps/sps_rm.o
  AR      drivers/platform/msm/sps/built-in.a
  CC      drivers/platform/msm/msm_ext_display.o
  CC      drivers/platform/msm/msm-geni-se.o
  CC      drivers/media/rc/keymaps/rc-npgtech.o
  CC      drivers/power/supply/qti_battery_charger_xiaomi.o
  CC      drivers/media/rc/keymaps/rc-odroid.o
  CC      drivers/pinctrl/pinmux.o
  CC      drivers/pci/pcie/aspm.o
  AR      drivers/pci/endpoint/built-in.a
  CC      drivers/pinctrl/pinconf.o
  CC      drivers/media/rc/keymaps/rc-pctv-sedna.o
  CC      drivers/pinctrl/devicetree.o
  AR      drivers/power/supply/built-in.a
  AR      drivers/power/built-in.a
  CC      drivers/media/rc/keymaps/rc-pinnacle-color.o
  CC      drivers/pci/pcie/aer.o
  CC      drivers/platform/msm/usb_bam.o
  CC      drivers/pinctrl/pinconf-generic.o
  CC      drivers/pwm/core.o
  CC      drivers/pwm/sysfs.o
  CC      drivers/pwm/pwm-qti-lpg.o
  CC      drivers/media/rc/keymaps/rc-pinnacle-grey.o
  CC      drivers/media/rc/keymaps/rc-pinnacle-pctv-hd.o
  CC      drivers/pinctrl/pinctrl-amd.o
  CC      drivers/pinctrl/pinctrl-single.o
  CC      drivers/media/rc/keymaps/rc-pixelview.o
  CC      drivers/media/rc/keymaps/rc-pixelview-mk12.o
  CC      drivers/media/rc/keymaps/rc-pixelview-002t.o
  AR      drivers/pwm/built-in.a
  CC      drivers/media/rc/keymaps/rc-pixelview-new.o
  AR      drivers/platform/msm/built-in.a
  CC      drivers/pci/pcie/pme.o
  AR      drivers/platform/built-in.a
  CC      drivers/media/rc/keymaps/rc-powercolor-real-angel.o
  CC      drivers/ras/ras.o
  CC      drivers/regulator/core.o
  CC      drivers/remoteproc/remoteproc_core.o
  CC      drivers/remoteproc/remoteproc_debugfs.o
  AR      drivers/pinctrl/built-in.a
  CC      drivers/remoteproc/remoteproc_sysfs.o
  CC      drivers/remoteproc/remoteproc_virtio.o
  CC      drivers/media/rc/keymaps/rc-proteus-2309.o
  CC      drivers/media/rc/keymaps/rc-purpletv.o
  AR      drivers/pci/pcie/built-in.a
  AR      drivers/pci/switch/built-in.a
  CC      drivers/pci/access.o
  CC      drivers/media/rc/keymaps/rc-pv951.o
  CC      drivers/regulator/dummy.o
  CC      drivers/remoteproc/remoteproc_elf_loader.o
  CC      drivers/media/rc/keymaps/rc-hauppauge.o
  AR      drivers/ras/built-in.a
  CC      drivers/pci/bus.o
  CC      drivers/pci/probe.o
  CC      drivers/pci/host-bridge.o
  CC      drivers/media/rc/keymaps/rc-rc6-mce.o
  CC      drivers/media/rc/keymaps/rc-real-audio-220-32-keys.o
  CC      drivers/regulator/fixed-helper.o
  CC      drivers/pci/remove.o
  AR      drivers/remoteproc/built-in.a
  CC      drivers/regulator/helpers.o
  CC      drivers/regulator/devres.o
  CC      drivers/regulator/of_regulator.o
  CC      drivers/pci/pci.o
  CC      drivers/media/rc/keymaps/rc-reddo.o
  CC      drivers/pci/pci-driver.o
  CC      drivers/regulator/fixed.o
  CC      drivers/media/rc/keymaps/rc-snapstream-firefly.o
  CC      drivers/regulator/qti-fixed-regulator.o
  CC      drivers/media/rc/keymaps/rc-streamzap.o
  CC      drivers/media/rc/keymaps/rc-tango.o
  CC      drivers/media/rc/keymaps/rc-tanix-tx3mini.o
  CC      drivers/pci/search.o
  CC      drivers/regulator/proxy-consumer.o
  CC      drivers/pci/pci-sysfs.o
  CC      drivers/pci/rom.o
  CC      drivers/pci/setup-res.o
  CC      drivers/regulator/qcom_pm8008-regulator.o
  CC      drivers/media/rc/keymaps/rc-tanix-tx5max.o
  CC      drivers/media/rc/keymaps/rc-tbs-nec.o
  CC      drivers/media/rc/keymaps/rc-technisat-ts35.o
  CC      drivers/media/rc/keymaps/rc-technisat-usb2.o
  CC      drivers/media/rc/keymaps/rc-terratec-cinergy-c-pci.o
  CC      drivers/pci/irq.o
  CC      drivers/media/rc/keymaps/rc-terratec-cinergy-s2-hd.o
  CC      drivers/media/rc/keymaps/rc-terratec-cinergy-xs.o
  CC      drivers/regulator/qpnp-lcdb-regulator.o
  CC      drivers/pci/vpd.o
  CC      drivers/pci/setup-bus.o
  CC      drivers/pci/vc.o
  CC      drivers/pci/mmap.o
  CC      drivers/pci/setup-irq.o
  CC      drivers/media/rc/keymaps/rc-terratec-slim.o
  CC      drivers/media/rc/keymaps/rc-terratec-slim-2.o
  CC      drivers/media/rc/keymaps/rc-tevii-nec.o
  CC      drivers/media/rc/keymaps/rc-tivo.o
  CC      drivers/media/rc/keymaps/rc-total-media-in-hand.o
  CC      drivers/pci/proc.o
  CC      drivers/regulator/qpnp-amoled-regulator.o
  CC      drivers/regulator/refgen.o
  CC      drivers/regulator/rpmh-regulator.o
  CC      drivers/pci/slot.o
  CC      drivers/pci/of.o
  CC      drivers/pci/quirks.o
  CC      drivers/media/rc/keymaps/rc-total-media-in-hand-02.o
  CC      drivers/media/rc/keymaps/rc-trekstor.o
  CC      drivers/media/rc/keymaps/rc-tt-1500.o
  CC      drivers/pci/msi.o
  CC      drivers/reset/hisilicon/hi6220_reset.o
  CC      drivers/media/rc/keymaps/rc-twinhan-dtv-cab-ci.o
  CC      drivers/regulator/stub-regulator.o
  CC      drivers/media/rc/keymaps/rc-twinhan1027.o
  CC      drivers/media/rc/keymaps/rc-videomate-m1f.o
  CC      drivers/pci/syscall.o
  CC      drivers/pci/ecam.o
  CC      drivers/reset/hisilicon/reset-hi3660.o
  CC      drivers/media/rc/keymaps/rc-videomate-s350.o
  CC      drivers/reset/core.o
  AR      drivers/regulator/built-in.a
  CC      drivers/media/rc/keymaps/rc-videomate-tv-pvr.o
  AR      drivers/reset/hisilicon/built-in.a
  CC      drivers/media/rc/keymaps/rc-videostrong-kii-pro.o
  CC      drivers/rpmsg/rpmsg_core.o
  CC      drivers/rpmsg/rpmsg_char.o
  CC      drivers/rpmsg/qcom_glink_native.o
  CC      drivers/rpmsg/qcom_glink_smem.o
  AR      drivers/media/spi/built-in.a
  AR      drivers/pci/built-in.a
  CC      drivers/media/rc/keymaps/rc-wetek-hub.o
  CC      drivers/reset/reset-scmi.o
  CC      drivers/reset/reset-simple.o
  CC      drivers/reset/reset-sunxi.o
  CC      drivers/media/rc/keymaps/rc-wetek-play2.o
  CC      drivers/media/rc/keymaps/rc-winfast.o
  CC      drivers/rpmsg/qcom_glink_spss.o
  CC      drivers/rtc/lib.o
  CC      drivers/media/rc/keymaps/rc-winfast-usbii-deluxe.o
  CC      drivers/rtc/hctosys.o
  CC      drivers/rtc/systohc.o
  CC      drivers/rtc/class.o
  CC      drivers/rtc/interface.o
  AR      drivers/reset/built-in.a
  CC      drivers/rtc/nvmem.o
  CC      drivers/scsi/ufs/tc-dwc-g210-pltfrm.o
  CC      drivers/scsi/ufs/ufshcd-dwc.o
  CC      drivers/media/rc/keymaps/rc-su3000.o
  AR      drivers/rpmsg/built-in.a
  CC      drivers/media/rc/keymaps/rc-xbox-dvd.o
  CC      drivers/media/rc/keymaps/rc-x96max.o
  CC      drivers/scsi/scsi.o
  CC      drivers/slimbus/slimbus.o
  CC      drivers/slimbus/slim-msm.o
  CC      drivers/rtc/dev.o
  CC      drivers/slimbus/slim-msm-ngd.o
  CC      drivers/scsi/ufs/tc-dwc-g210.o
  CC      drivers/media/rc/keymaps/rc-zx-irdec.o
  CC      drivers/scsi/ufs/ufs-qcom.o
  CC      drivers/rtc/proc.o
  CC      drivers/scsi/hosts.o
  CC      drivers/rtc/sysfs.o
  CC      drivers/scsi/scsi_ioctl.o
  AR      drivers/media/rc/keymaps/built-in.a
  CC      drivers/scsi/ufs/ufshcd.o
  AR      drivers/media/rc/built-in.a
  CC      drivers/media/tuners/tuner-xc2028.o
  AR      drivers/media/usb/b2c2/built-in.a
  AR      drivers/media/usb/dvb-usb/built-in.a
  AR      drivers/media/usb/dvb-usb-v2/built-in.a
  CC      drivers/scsi/scsicam.o
  CC      drivers/media/usb/gspca/gspca.o
  AR      drivers/media/usb/s2255/built-in.a
  CC      drivers/media/usb/gspca/autogain_functions.o
  AR      drivers/slimbus/built-in.a
  AR      drivers/media/usb/siano/built-in.a
  AR      drivers/soc/amlogic/built-in.a
  AR      drivers/soc/bcm/built-in.a
  AR      drivers/soc/fsl/built-in.a
  AR      drivers/soc/mediatek/built-in.a
  CC      drivers/soc/qcom/icnss2/main.o
  CC      drivers/rtc/rtc-pl030.o
  CC      drivers/scsi/scsi_error.o
  CC      drivers/media/tuners/tuner-simple.o
  CC      drivers/media/tuners/tuner-types.o
  CC      drivers/rtc/rtc-pl031.o
  CC      drivers/media/tuners/mt20xx.o
  CC      drivers/scsi/ufs/ufs-sysfs.o
  AR      drivers/media/usb/gspca/built-in.a
  AR      drivers/media/usb/stkwebcam/built-in.a
  AR      drivers/media/usb/ttusb-budget/built-in.a
  AR      drivers/media/usb/ttusb-dec/built-in.a
  CC      drivers/media/usb/uvc/uvc_driver.o
  CC      drivers/rtc/rtc-pm8xxx.o
  CC      drivers/scsi/ufs/ufs_bsg.o
  CC      drivers/scsi/ufs/ufshcd-crypto.o
  CC      drivers/scsi/scsi_lib.o
  CC      drivers/scsi/scsi_lib_dma.o
  CC      drivers/media/tuners/tda8290.o
  AR      drivers/rtc/built-in.a
  CC      drivers/media/tuners/tea5767.o
  CC      drivers/soc/qcom/icnss2/debug.o
  CC      drivers/media/usb/uvc/uvc_queue.o
  CC      drivers/media/usb/uvc/uvc_v4l2.o
  CC      drivers/scsi/ufs/ufshcd-pci.o
  CC      drivers/scsi/ufs/ufshcd-pltfrm.o
  CC      drivers/soc/qcom/icnss2/power.o
  CC      drivers/media/tuners/tea5761.o
  CC      drivers/media/tuners/tda9887.o
  CC      drivers/media/tuners/tda827x.o
  CC      drivers/media/tuners/tda18271-maps.o
  CC      drivers/media/usb/uvc/uvc_video.o
  CC      drivers/media/tuners/tda18271-common.o
  CC      drivers/media/tuners/tda18271-fe.o
  CC      drivers/scsi/ufs/ufs-hisi.o
  CC      drivers/scsi/ufs/ufshcd-crypto-qti.o
  CC      drivers/soc/qcom/icnss2/genl.o
  CC      drivers/soc/qcom/icnss2/qmi.o
  CC      drivers/media/usb/uvc/uvc_ctrl.o
  CC      drivers/media/tuners/xc5000.o
  CC      drivers/media/tuners/xc4000.o
  CC      drivers/media/usb/uvc/uvc_status.o
  CC      drivers/media/usb/uvc/uvc_isight.o
  CC      drivers/media/usb/uvc/uvc_debugfs.o
  AR      drivers/soc/qcom/icnss2/built-in.a
  CC      drivers/soc/qcom/qdsp6v2/cdsp-loader.o
  CC      drivers/media/usb/uvc/uvc_metadata.o
  CC      drivers/media/usb/uvc/uvc_entity.o
  AR      drivers/scsi/ufs/built-in.a
  CC      drivers/scsi/scsi_scan.o
  GEN     drivers/scsi/scsi_devinfo_tbl.c
  AR      drivers/soc/qcom/qdsp6v2/built-in.a
  CC      drivers/scsi/scsi_devinfo.o
  CC      drivers/soc/qcom/cmd-db.o
  CC      drivers/scsi/scsi_sysctl.o
  CC      drivers/media/tuners/msi001.o
  CC      drivers/media/tuners/mt2060.o
  CC      drivers/media/tuners/mt2063.o
  AR      drivers/media/usb/uvc/built-in.a
  AR      drivers/media/usb/zr364xx/built-in.a
  AR      drivers/media/usb/built-in.a
  CC      drivers/spi/spi.o
  CC      drivers/spmi/spmi.o
  CC      drivers/spmi/spmi-pmic-arb.o
  CC      drivers/soc/qcom/peripheral-loader.o
  CC      drivers/media/tuners/mt2266.o
  CC      drivers/scsi/scsi_trace.o
  CC      drivers/scsi/scsi_logging.o
  CC      drivers/scsi/scsi_pm.o
  CC      drivers/scsi/scsi_common.o
  CC      drivers/soc/qcom/msm_subsystem_restart.o
  CC      drivers/spmi/spmi-pmic-arb-debug.o
  CC      drivers/media/tuners/qt1010.o
  CC      drivers/media/tuners/mt2131.o
  CC      drivers/spmi/spmi-glink-debug.o
  CC      drivers/spi/spidev.o
  CC      drivers/spi/spi-msm-geni.o
  CC      drivers/scsi/sd.o
  CC      drivers/scsi/sg.o
  AR      drivers/spmi/built-in.a
  CC      drivers/media/tuners/mxl5005s.o
  CC      drivers/soc/qcom/subsystem_notif.o
  CC      drivers/soc/qcom/ramdump.o
  CC      drivers/soc/qcom/sysmon-qmi.o
  CC      drivers/media/tuners/mxl5007t.o
  CC      drivers/soc/qcom/subsys-pil-tz.o
  AR      drivers/spi/built-in.a
  CC      drivers/soc/qcom/service-notifier.o
  CC      drivers/scsi/scsi_sysfs.o
  CC      drivers/media/tuners/mc44s803.o
  CC      drivers/media/tuners/max2165.o
  CC      drivers/media/tuners/tda18218.o
  CC      drivers/staging/android/ion/heaps/ion_system_heap.o
  CC      drivers/media/tuners/tda18212.o
  CC      drivers/soc/qcom/service-locator.o
  CC      drivers/staging/android/ion/heaps/ion_page_pool.o
  AR      drivers/scsi/built-in.a
  CC      drivers/soc/qcom/qmi_encdec.o
  CC      drivers/soc/qcom/qmi_interface.o
  CC      drivers/media/tuners/e4000.o
  CC      drivers/media/tuners/fc2580.o
  CC      drivers/soc/qcom/rpmh-rsc.o
  CC      drivers/soc/qcom/rpmh.o
  CC      drivers/soc/qcom/soc_sleep_stats.o
  CC      drivers/media/tuners/tua9001.o
  CC      drivers/media/tuners/si2157.o
  AR      drivers/thermal/broadcom/built-in.a
  AR      drivers/thermal/intel/built-in.a
  CC      drivers/thermal/qcom/qcom-spmi-temp-alarm.o
  CC      drivers/staging/android/ion/heaps/msm_ion.o
  CC      drivers/thermal/qcom/adc-tm.o
  CC      drivers/thermal/qcom/adc-tm-common.o
  CC      drivers/thermal/qcom/adc-tm5.o
  CC      drivers/staging/android/ion/heaps/msm_ion_dma_buf.o
  CC      drivers/staging/android/ion/heaps/ion_msm_page_pool.o
  CC      drivers/media/tuners/fc0011.o
  CC      drivers/thermal/qcom/adc-tm7.o
  CC      drivers/soc/qcom/boot_stats.o
  CC      drivers/staging/android/ion/heaps/ion_msm_system_heap.o
  CC      drivers/staging/android/ion/heaps/ion_carveout_heap.o
  CC      drivers/soc/qcom/smem.o
  CC      drivers/soc/qcom/smem_state.o
  CC      drivers/thermal/qcom/thermal_sensor_service_v01.o
  CC      drivers/media/tuners/fc0012.o
  CC      drivers/staging/android/ion/heaps/ion_system_secure_heap.o
  CC      drivers/thermal/qcom/qmi_sensors.o
  CC      drivers/thermal/qcom/thermal_mitigation_device_service_v01.o
  CC      drivers/media/tuners/fc0013.o
  CC      drivers/media/tuners/it913x.o
  CC      drivers/soc/qcom/smp2p.o
  CC      drivers/soc/qcom/subsystem_sleep_stats.o
  CC      drivers/soc/qcom/qsee_ipc_irq_bridge.o
  CC      drivers/soc/qcom/smsm.o
  CC      drivers/staging/android/ion/heaps/ion_cma_heap.o
  CC      drivers/staging/android/ion/heaps/ion_secure_util.o
  CC      drivers/thermal/qcom/qmi_cooling.o
  CC      drivers/thermal/qcom/cpu_isolate.o
  CC      drivers/thermal/qcom/cpu_hotplug.o
  CC      drivers/thermal/qcom/bcl_pmic5.o
  CC      drivers/soc/qcom/core_hang_detect.o
  CC      drivers/media/tuners/r820t.o
  CC      drivers/thermal/qcom/bcl_soc.o
  CC      drivers/thermal/qcom/msm_lmh_dcvs.o
  CC      drivers/soc/qcom/secure_buffer.o
  CC      drivers/thermal/qcom/cpu_voltage_cooling.o
  CC      drivers/soc/qcom/socinfo.o
  CC      drivers/media/tuners/mxl301rf.o
  CC      drivers/media/tuners/qm1d1c0042.o
  CC      drivers/soc/qcom/qcom_proxy_of_consumer.o
  CC      drivers/thermal/qcom/policy_engine.o
  CC      drivers/thermal/qcom/sdpm_clk.o
  AR      drivers/staging/android/ion/heaps/built-in.a
  CC      drivers/staging/android/ion/ion.o
  CC      drivers/staging/android/ion/ion_buffer.o
  CC      drivers/staging/android/ion/ion_dma_buf.o
  CC      drivers/staging/android/ion/ion_heap.o
  CC      drivers/media/tuners/qm1d1b0004.o
  CC      drivers/media/tuners/m88rs6000t.o
  CC      drivers/soc/qcom/qcom_ipcc.o
  CC      drivers/thermal/qcom/ddr_cdev.o
  CC      drivers/thermal/qcom/max31760_fan.o
../drivers/thermal/qcom/max31760_fan.c:331:3: warning: ignoring return value of function declared with 'warn_unused_result' attribute [-Wunused-result]
  331 |                 regulator_enable(pdata->vdd_reg);
      |                 ^~~~~~~~~~~~~~~~ ~~~~~~~~~~~~~~
1 warning generated.
  CC      drivers/soc/qcom/qcom_rimps.o
  CC      drivers/soc/qcom/rq_stats.o
  CC      drivers/soc/qcom/llcc-slice.o
  CC      drivers/soc/qcom/llcc-tcm.o
  CC      drivers/media/tuners/tda18250.o
  CC      drivers/soc/qcom/llcc-lahaina.o
  AR      drivers/thermal/qcom/built-in.a
  AR      drivers/thermal/samsung/built-in.a
  AR      drivers/thermal/st/built-in.a
  AR      drivers/thermal/tegra/built-in.a
  CC      drivers/thermal/thermal_core.o
  CC      drivers/thermal/thermal_sysfs.o
  AR      drivers/staging/android/ion/built-in.a
  CC      drivers/staging/android/ashmem.o
  CC      drivers/thermal/thermal_helpers.o
  CC      drivers/thermal/thermal_hwmon.o
  AR      drivers/media/tuners/built-in.a
  CC      drivers/thermal/of-thermal.o
  CC      drivers/media/v4l2-core/v4l2-dev.o
  CC      drivers/soc/qcom/llcc-shima.o
  CC      drivers/soc/qcom/llcc-yupik.o
  CC      drivers/soc/qcom/msm_minidump.o
../drivers/thermal/thermal_core.c:1898:8: warning: 'snprintf' size argument is too large; destination buffer has size 128, but size argument is 4096 [-Wfortify-source]
 1898 |         ret = snprintf(boost_buf, PAGE_SIZE, buf);
      |               ^
../drivers/thermal/thermal_core.c:1982:2: warning: 'snprintf' size argument is too large; destination buffer has size 128, but size argument is 4096 [-Wfortify-source]
 1982 |         snprintf(board_sensor_temp, PAGE_SIZE, buf);
      |         ^
../drivers/thermal/thermal_core.c:2001:2: warning: 'snprintf' size argument is too large; destination buffer has size 128, but size argument is 4096 [-Wfortify-source]
 2001 |         snprintf(board_sensor_second_temp, PAGE_SIZE, buf);
      |         ^
  CC      drivers/staging/android/vsoc.o
3 warnings generated.
  CC      drivers/thermal/step_wise.o
  CC      drivers/thermal/user_space.o
  CC      drivers/media/v4l2-core/v4l2-ioctl.o
  CC      drivers/media/v4l2-core/v4l2-device.o
  CC      drivers/soc/qcom/minidump_log.o
  CC      drivers/media/v4l2-core/v4l2-fh.o
  CC      drivers/media/v4l2-core/v4l2-event.o
  CC      drivers/thermal/power_allocator.o
  CC      drivers/media/v4l2-core/v4l2-ctrls.o
  CC      drivers/soc/qcom/mem-offline.o
  AR      drivers/staging/android/built-in.a
  CC      drivers/staging/binder_prio/binder_prio.o
  CC      drivers/media/v4l2-core/v4l2-subdev.o
  CC      drivers/staging/cam-reclaim/cam_reclaim.o
  CC      drivers/media/v4l2-core/v4l2-clk.o
  AR      drivers/staging/iio/accel/built-in.a
  AR      drivers/staging/iio/adc/built-in.a
  AR      drivers/staging/iio/addac/built-in.a
  AR      drivers/staging/iio/cdc/built-in.a
  CC      drivers/thermal/cpu_cooling.o
  AR      drivers/staging/iio/frequency/built-in.a
  CC      drivers/soc/qcom/mem-buf.o
  AR      drivers/staging/iio/impedance-analyzer/built-in.a
  AR      drivers/staging/iio/meter/built-in.a
  AR      drivers/staging/iio/resolver/built-in.a
  AR      drivers/staging/iio/built-in.a
  AR      drivers/staging/cam-reclaim/built-in.a
  CC      drivers/media/v4l2-core/v4l2-async.o
  CC      drivers/media/v4l2-core/v4l2-common.o
  AR      drivers/staging/media/built-in.a
  CC      drivers/media/v4l2-core/v4l2-compat-ioctl32.o
  AR      drivers/staging/binder_prio/built-in.a
  CC      drivers/staging/mi-log/mi_log.o
  CC      drivers/staging/mi-reclaim/mi_reclaim.o
  CC      drivers/thermal/devfreq_cooling.o
  CC      drivers/thermal/thermal_debugfs.o
  CC      drivers/soc/qcom/mem_buf_dma_buf.o
  CC      drivers/soc/qcom/memory_dump_v2.o
  CC      drivers/soc/qcom/dcc_v2.o
  CC      drivers/thermal/hisi_thermal.o
  CC      drivers/thermal/msm-tsens.o
  AR      drivers/staging/mi-reclaim/built-in.a
  CC      drivers/media/v4l2-core/v4l2-trace.o
  CC      drivers/media/v4l2-core/v4l2-mc.o
  CC      drivers/media/v4l2-core/v4l2-spi.o
  CC      drivers/staging/mi-log/mi_exception_log.o
  CC      drivers/thermal/tsens2xxx.o
  CC      drivers/thermal/tsens-dbg.o
  CC      drivers/soc/qcom/smcinvoke.o
  CC      drivers/thermal/tsens-mtc.o
  CC      drivers/media/v4l2-core/v4l2-i2c.o
  AR      drivers/staging/mi-log/built-in.a
  CC      drivers/media/v4l2-core/v4l2-dv-timings.o
  CC      drivers/thermal/tsens1xxx.o
  CC      drivers/thermal/tsens-calib.o
  CC      drivers/thermal/mi_thermal_interface.o
  CC      drivers/soc/qcom/microdump_collector.o
  CC      drivers/tty/hvc/hvc_haven.o
  CC      drivers/tty/hvc/hvc_console.o
  AR      drivers/tty/ipwireless/built-in.a
  CC      drivers/uio/msm_sharedmem/msm_sharedmem.o
  CC      drivers/uio/uio.o
  AR      drivers/media/v4l2-core/built-in.a
  CC      drivers/soc/qcom/llcc_perfmon.o
  AR      drivers/media/built-in.a
  CC      drivers/usb/common/common.o
  CC      drivers/usb/common/debug.o
  AR      drivers/thermal/built-in.a
  AR      drivers/uio/msm_sharedmem/built-in.a
  AR      drivers/tty/hvc/built-in.a
  CC      drivers/video/backlight/backlight.o
  CC      drivers/tty/serial/8250/8250_core.o
  CC      drivers/video/fbdev/core/fb_cmdline.o
  CC      drivers/soc/qcom/rpmhpd.o
  CC      drivers/soc/qcom/smp2p_sleepstate.o
  AR      drivers/uio/built-in.a
  CC      drivers/soc/qcom/sensors_ssc.o
  CC      drivers/staging/qcacld-3.0/core/hdd/src/wlan_hdd_assoc.o
  AR      drivers/usb/common/built-in.a
  CC      drivers/usb/core/usb.o
  CC      drivers/staging/qcacld-3.0/core/hdd/src/wlan_hdd_cfg.o
  CC      drivers/tty/serial/8250/8250_port.o
  AR      drivers/video/fbdev/core/built-in.a
  CC      drivers/soc/qcom/glink_pkt.o
  CC      drivers/video/backlight/generic_bl.o
  AR      drivers/video/fbdev/omap2/omapfb/displays/built-in.a
  AR      drivers/video/fbdev/omap2/omapfb/dss/built-in.a
  AR      drivers/video/fbdev/omap2/omapfb/built-in.a
  CC      drivers/soc/qcom/qsee_ipc_irq.o
  AR      drivers/video/fbdev/omap2/built-in.a
  AR      drivers/video/fbdev/built-in.a
  CC      drivers/soc/qcom/glink_probe.o
  AR      drivers/video/backlight/built-in.a
  CC      drivers/usb/core/hub.o
  CC      drivers/video/hdmi.o
  CC      drivers/usb/core/hcd.o
  CC      drivers/tty/serial/8250/8250_dma.o
  CC      drivers/soc/qcom/msm_glink_ssr.o
  CC      drivers/video/display_timing.o
  CC      drivers/soc/qcom/pmic_glink.o
  CC      drivers/soc/qcom/qti_battery_debug.o
  CC      drivers/video/videomode.o
  CC      drivers/tty/serial/8250/8250_pci.o
  CC      drivers/tty/serial/8250/8250_early.o
  CC      drivers/video/of_display_timing.o
  CC      drivers/usb/core/urb.o
  CC      drivers/usb/core/message.o
  CC      drivers/soc/qcom/altmode-glink.o
  CC      drivers/usb/core/driver.o
  CC      drivers/video/of_videomode.o
  CC      drivers/soc/qcom/pmic-pon-log.o
  CC      drivers/tty/serial/8250/8250_fsl.o
  CC      drivers/usb/core/config.o
  CC      drivers/soc/qcom/ddr_stats.o
  CC      drivers/usb/core/file.o
  AR      drivers/video/built-in.a
  CC      drivers/soc/qcom/system_pm.o
  AR      drivers/tty/vt/built-in.a
  CC      drivers/soc/qcom/spss_utils.o
  CC      drivers/soc/qcom/lpm-stats.o
  CC      drivers/usb/core/buffer.o
  CC      drivers/usb/core/sysfs.o
  CC      drivers/tty/serial/8250/8250_of.o
  CC      drivers/soc/qcom/msm_performance.o
  CC      drivers/usb/core/endpoint.o
  CC      drivers/soc/qcom/rpmh_master_stat.o
  CC      drivers/soc/qcom/qpnp-pbs.o
../drivers/soc/qcom/msm_performance.c:918:2: warning: ignoring return value of function declared with 'warn_unused_result' attribute [-Wunused-result]
  918 |         kstrtol(buf, 0, &usr_val);
      |         ^~~~~~~ ~~~~~~~~~~~~~~~~
1 warning generated.
  CC      drivers/usb/core/devio.o
  AR      drivers/tty/serial/8250/built-in.a
  CC      drivers/usb/core/notify.o
  CC      drivers/tty/serial/serial_core.o
  CC      drivers/tty/serial/earlycon.o
  CC      drivers/tty/tty_io.o
  CC      drivers/tty/n_tty.o
  CC      drivers/soc/qcom/spcom.o
  CC      drivers/tty/serial/amba-pl011.o
  CC      drivers/usb/core/generic.o
  CC      drivers/usb/core/quirks.o
  CC      drivers/soc/qcom/cdsprm.o
  CC      drivers/tty/serial/samsung_tty.o
  CC      drivers/usb/core/devices.o
  CC      drivers/usb/core/phy.o
  CC      drivers/tty/tty_ioctl.o
  CC      drivers/tty/tty_ldisc.o
  CC      drivers/tty/tty_buffer.o
  CC      drivers/tty/serial/msm_geni_serial.o
  CC      drivers/soc/qcom/fsa4480-i2c.o
  CC      drivers/tty/serial/sprd_serial.o
  CC      drivers/usb/core/port.o
  CC      drivers/tty/serial/serial_mctrl_gpio.o
  CC      drivers/soc/qcom/eud.o
  CC      drivers/soc/qcom/guestvm_loader.o
  CC      drivers/soc/qcom/hyp_core_ctl.o
  CC      drivers/usb/core/of.o
  CC      drivers/usb/core/hcd-pci.o
  CC      drivers/tty/tty_port.o
  CC      drivers/tty/tty_mutex.o
  CC      drivers/tty/tty_ldsem.o
  CC      drivers/soc/qcom/qbt_handler.o
  AR      drivers/tty/serial/built-in.a
  CC      drivers/staging/qcacld-3.0/core/hdd/src/wlan_hdd_cfg80211.o
  CC      drivers/tty/tty_baudrate.o
  CC      drivers/staging/qcacld-3.0/core/hdd/src/wlan_hdd_data_stall_detection.o
  CC      drivers/tty/tty_jobctrl.o
  CC      drivers/soc/qcom/crypto-qti-common.o
  CC      drivers/soc/qcom/hwkm.o
  AR      drivers/usb/core/built-in.a
  CC      drivers/usb/dwc3/core.o
  CC      drivers/usb/dwc3/debug_ipc.o
  CC      drivers/usb/dwc3/trace.o
  CC      drivers/tty/n_null.o
  CC      drivers/usb/dwc3/host.o
  CC      drivers/soc/qcom/crypto-qti-hwkm.o
  CC      drivers/soc/qcom/qcom_wdt_core.o
  CC      drivers/soc/qcom/qcom_soc_wdt.o
  CC      drivers/tty/pty.o
  CC      drivers/tty/tty_audit.o
  CC      drivers/usb/dwc3/gadget.o
  CC      drivers/usb/dwc3/ep0.o
  CC      drivers/usb/dwc3/drd.o
  CC      drivers/soc/qcom/plh_scmi.o
  CC      drivers/usb/dwc3/dwc3-haps.o
  CC      drivers/tty/sysrq.o
  CC      drivers/soc/qcom/sysmon_subsystem_stats.o
  CC      drivers/soc/qcom/memlat_scmi.o
  CC      drivers/soc/qcom/rimps_memlat.o
  CC      drivers/soc/qcom/rimps_log.o
  CC      drivers/usb/dwc3/dwc3-of-simple.o
  CC      drivers/usb/dwc3/dwc3-qcom.o
  CC      drivers/soc/qcom/qfprom-sys.o
  CC      drivers/usb/dwc3/dwc3-msm.o
  AR      drivers/tty/built-in.a
  CC      drivers/staging/qcacld-3.0/core/hdd/src/wlan_hdd_driver_ops.o
  CC      drivers/usb/gadget/function/f_acm.o
  CC      drivers/usb/gadget/function/u_serial.o
  CC      drivers/usb/gadget/function/f_serial.o
  AR      drivers/soc/qcom/built-in.a
  AR      drivers/usb/gadget/legacy/built-in.a
  CC      drivers/usb/gadget/function/u_ether.o
  CC      drivers/virt/haven/hh_ctrl.o
  AR      drivers/soc/renesas/built-in.a
  CC      drivers/soc/sunxi/sunxi_sram.o
  CC      drivers/staging/qcacld-3.0/core/hdd/src/wlan_hdd_ftm.o
  CC      drivers/staging/qcacld-3.0/core/hdd/src/wlan_hdd_hostapd.o
  CC      drivers/virt/haven/hh_msgq.o
  AR      drivers/usb/dwc3/built-in.a
  CC      drivers/virt/haven/hh_rm_core.o
  AR      drivers/soc/sunxi/built-in.a
  AR      drivers/soc/ti/built-in.a
  AR      drivers/soc/xilinx/built-in.a
  AR      drivers/soc/built-in.a
  CC      drivers/virt/haven/hh_rm_iface.o
  CC      drivers/virt/haven/hh_dbl.o
  CC      drivers/usb/gadget/function/f_ncm.o
  CC      drivers/virt/haven/hh_irq_lend.o
  CC      drivers/usb/gadget/function/f_mass_storage.o
  CC      drivers/usb/gadget/function/storage_common.o
  CC      drivers/virt/haven/hh_mem_notifier.o
  CC      drivers/virt/haven/hh_virt_wdt.o
  CC      drivers/virtio/virtio.o
  CC      drivers/watchdog/watchdog_core.o
  CC      drivers/usb/gadget/function/f_fs.o
  AR      drivers/virt/haven/built-in.a
  AR      drivers/virt/vboxguest/built-in.a
  AR      drivers/virt/built-in.a
  CC      drivers/usb/gadget/function/u_audio.o
  CC      drivers/watchdog/watchdog_dev.o
  CC      drivers/virtio/virtio_ring.o
  AR      drivers/watchdog/built-in.a
  CC      drivers/usb/host/pci-quirks.o
  CC      drivers/usb/host/ehci-hcd.o
  CC      drivers/usb/gadget/function/f_uac2.o
  AR      drivers/virtio/built-in.a
  CC      drivers/usb/gadget/function/f_midi.o
  CC      drivers/usb/host/ehci-pci.o
  CC      drivers/usb/gadget/function/f_hid.o
  CC      drivers/usb/gadget/function/f_accessory.o
  CC      drivers/usb/host/ehci-platform.o
  CC      drivers/usb/host/xhci.o
  CC      drivers/usb/host/xhci-mem.o
  CC      drivers/staging/qcacld-3.0/core/hdd/src/wlan_hdd_ioctl.o
  CC      drivers/usb/gadget/function/f_audio_source.o
  CC      drivers/usb/gadget/function/f_diag.o
  CC      drivers/usb/host/xhci-ext-caps.o
  CC      drivers/usb/gadget/function/f_qdss.o
  CC      drivers/staging/qcacld-3.0/core/hdd/src/wlan_hdd_main.o
  CC      drivers/staging/qcacld-3.0/core/hdd/src/wlan_hdd_object_manager.o
  CC      drivers/usb/host/xhci-ring.o
  CC      drivers/usb/gadget/function/u_qdss.o
  CC      drivers/usb/gadget/function/f_ccid.o
  CC      drivers/staging/qcacld-3.0/core/hdd/src/wlan_hdd_oemdata.o
  CC      drivers/usb/host/xhci-hub.o
  CC      drivers/usb/host/xhci-dbg.o
  CC      drivers/usb/gadget/function/f_cdev.o
  CC      drivers/usb/gadget/function/f_gsi.o
  CC      drivers/usb/host/xhci-trace.o
  CC      drivers/usb/misc/ehset.o
  CC      drivers/usb/misc/lvstest.o
  CC      drivers/usb/misc/ssusb-redriver-nb7vpq904m.o
  CC      drivers/usb/host/xhci-pci.o
  CC      drivers/usb/gadget/function/rndis.o
  CC      drivers/staging/qcacld-3.0/core/hdd/src/wlan_hdd_p2p.o
  CC      drivers/staging/qcacld-3.0/core/hdd/src/wlan_hdd_power.o
  AR      drivers/usb/misc/built-in.a
  CC      drivers/usb/host/xhci-plat.o
  CC      drivers/usb/phy/phy.o
  CC      drivers/usb/phy/of.o
  CC      drivers/staging/qcacld-3.0/core/hdd/src/wlan_hdd_regulatory.o
  AR      drivers/usb/host/built-in.a
  CC      drivers/usb/phy/phy-generic.o
  AR      drivers/usb/gadget/function/built-in.a
  CC      drivers/usb/gadget/udc/core.o
  CC      drivers/usb/gadget/usbstring.o
  CC      drivers/usb/phy/phy-qcom-emu.o
  CC      drivers/usb/gadget/udc/trace.o
  CC      drivers/usb/phy/phy-msm-ssusb-qmp.o
  CC      drivers/usb/phy/phy-msm-snps-hs.o
  CC      drivers/usb/gadget/udc/dummy_hcd.o
  CC      drivers/usb/gadget/config.o
  AR      drivers/usb/phy/built-in.a
  CC      drivers/usb/gadget/epautoconf.o
  AR      drivers/usb/gadget/udc/built-in.a
  CC      drivers/usb/roles/class.o
  CC      drivers/usb/gadget/composite.o
  CC      drivers/usb/gadget/functions.o
  AR      drivers/usb/roles/built-in.a
  CC      drivers/staging/qcacld-3.0/core/hdd/src/wlan_hdd_scan.o
  CC      drivers/usb/gadget/configfs.o
  CC      drivers/usb/gadget/u_f.o
  CC      drivers/usb/storage/uas.o
  CC      drivers/usb/storage/scsiglue.o
  CC      drivers/usb/storage/protocol.o
  CC      drivers/usb/storage/transport.o
  AR      drivers/usb/gadget/built-in.a
  AR      drivers/usb/typec/altmodes/built-in.a
  AR      drivers/usb/typec/mux/built-in.a
  CC      drivers/usb/typec/tcpm/tcpm.o
  CC      drivers/staging/qcacld-3.0/core/hdd/src/wlan_hdd_softap_tx_rx.o
  CC      drivers/staging/qcacld-3.0/core/hdd/src/wlan_hdd_sta_info.o
  CC      drivers/usb/storage/usb.o
  CC      drivers/staging/qcacld-3.0/core/hdd/src/wlan_hdd_stats.o
  CC      drivers/usb/typec/ucsi/ucsi.o
  AR      drivers/usb/typec/tcpm/built-in.a
  CC      drivers/usb/storage/initializers.o
  CC      drivers/usb/typec/class.o
  CC      drivers/usb/typec/ucsi/trace.o
  CC      drivers/usb/storage/sierra_ms.o
  CC      drivers/usb/storage/option_ms.o
  CC      drivers/usb/storage/usual-tables.o
  CC      drivers/usb/typec/ucsi/ucsi_glink.o
  CC      drivers/usb/typec/mux.o
  CC      drivers/usb/typec/bus.o
  AR      drivers/usb/storage/built-in.a
  AR      drivers/usb/typec/ucsi/built-in.a
  CC      drivers/staging/qcacld-3.0/core/hdd/src/wlan_hdd_trace.o
  CC      drivers/staging/qcacld-3.0/core/hdd/src/wlan_hdd_tx_rx.o
  AR      drivers/usb/typec/built-in.a
  CC      drivers/staging/qcacld-3.0/core/hdd/src/wlan_hdd_wmm.o
  CC      drivers/staging/qcacld-3.0/core/hdd/src/wlan_hdd_wowl.o
  AR      drivers/usb/built-in.a
  CC      drivers/staging/qcacld-3.0/core/hdd/src/wlan_hdd_dynamic_nss.o
  CC      drivers/staging/qcacld-3.0/core/hdd/src/wlan_hdd_wext.o
  CC      drivers/staging/qcacld-3.0/core/hdd/src/wlan_hdd_hostapd_wext.o
  CC      drivers/staging/qcacld-3.0/core/hdd/src/wlan_hdd_spectralscan.o
  CC      drivers/staging/qcacld-3.0/core/hdd/src/wlan_hdd_fips.o
  CC      drivers/staging/qcacld-3.0/core/hdd/src/wlan_hdd_green_ap.o
  CC      drivers/staging/qcacld-3.0/core/hdd/src/wlan_hdd_apf.o
  CC      drivers/staging/qcacld-3.0/core/hdd/src/wlan_hdd_lpass.o
  CC      drivers/staging/qcacld-3.0/core/hdd/src/wlan_hdd_napi.o
  CC      drivers/staging/qcacld-3.0/core/hdd/src/wlan_hdd_ipa.o
  CC      drivers/staging/qcacld-3.0/core/hdd/src/wlan_hdd_nan.o
  CC      drivers/staging/qcacld-3.0/core/hdd/src/wlan_hdd_nan_datapath.o
  CC      drivers/staging/qcacld-3.0/core/hdd/src/wlan_hdd_tdls.o
  CC      drivers/staging/qcacld-3.0/core/hdd/src/wlan_hdd_tsf.o
  CC      drivers/staging/qcacld-3.0/core/hdd/src/wlan_hdd_conc_ut.o
  CC      drivers/staging/qcacld-3.0/core/hdd/src/wlan_hdd_disa.o
  CC      drivers/staging/qcacld-3.0/core/hdd/src/wlan_hdd_subnet_detect.o
  CC      drivers/staging/qcacld-3.0/core/hdd/src/wlan_hdd_he.o
  CC      drivers/staging/qcacld-3.0/core/hdd/src/wlan_hdd_twt.o
  CC      drivers/staging/qcacld-3.0/core/hdd/src/wlan_hdd_rx_monitor.o
  CC      drivers/staging/qcacld-3.0/core/hdd/src/wlan_hdd_packet_filter.o
  CC      drivers/staging/qcacld-3.0/core/hdd/src/wlan_hdd_rssi_monitor.o
  CC      drivers/staging/qcacld-3.0/core/hdd/src/wlan_hdd_bss_transition.o
  CC      drivers/staging/qcacld-3.0/core/hdd/src/wlan_hdd_station_info.o
  CC      drivers/staging/qcacld-3.0/core/hdd/src/wlan_hdd_tx_power.o
  CC      drivers/staging/qcacld-3.0/core/hdd/src/wlan_hdd_ota_test.o
  CC      drivers/staging/qcacld-3.0/core/hdd/src/wlan_hdd_active_tos.o
  CC      drivers/staging/qcacld-3.0/core/hdd/src/wlan_hdd_sar_limits.o
  CC      drivers/staging/qcacld-3.0/core/hdd/src/wlan_hdd_concurrency_matrix.o
  CC      drivers/staging/qcacld-3.0/core/hdd/src/wlan_hdd_sap_cond_chan_switch.o
  CC      drivers/staging/qcacld-3.0/core/hdd/src/wlan_hdd_p2p_listen_offload.o
  CC      drivers/staging/qcacld-3.0/core/hdd/src/wlan_hdd_sysfs.o
  CC      drivers/staging/qcacld-3.0/core/hdd/src/wlan_hdd_sysfs_channel.o
  CC      drivers/staging/qcacld-3.0/core/hdd/src/wlan_hdd_sysfs_fw_mode_config.o
  CC      drivers/staging/qcacld-3.0/core/hdd/src/wlan_hdd_sysfs_reassoc.o
  CC      drivers/staging/qcacld-3.0/core/hdd/src/wlan_hdd_sysfs_sta_info.o
  CC      drivers/staging/qcacld-3.0/core/hdd/src/wlan_hdd_sysfs_mem_stats.o
  CC      drivers/staging/qcacld-3.0/core/hdd/src/wlan_hdd_sysfs_unit_test.o
  CC      drivers/staging/qcacld-3.0/core/hdd/src/wlan_hdd_sysfs_modify_acl.o
  CC      drivers/staging/qcacld-3.0/core/hdd/src/wlan_hdd_sysfs_connect_info.o
  CC      drivers/staging/qcacld-3.0/core/hdd/src/wlan_hdd_sysfs_scan_disable.o
  CC      drivers/staging/qcacld-3.0/core/hdd/src/wlan_hdd_sysfs_dcm.o
  CC      drivers/staging/qcacld-3.0/core/hdd/src/wlan_hdd_sysfs_wow_ito.o
  CC      drivers/staging/qcacld-3.0/core/hdd/src/wlan_hdd_sysfs_wowl_add_ptrn.o
  CC      drivers/staging/qcacld-3.0/core/hdd/src/wlan_hdd_sysfs_wowl_del_ptrn.o
  CC      drivers/staging/qcacld-3.0/core/hdd/src/wlan_hdd_sysfs_tx_stbc.o
  CC      drivers/staging/qcacld-3.0/core/hdd/src/wlan_hdd_sysfs_scan_config.o
  CC      drivers/staging/qcacld-3.0/core/hdd/src/wlan_hdd_sysfs_monitor_mode_channel.o
  CC      drivers/staging/qcacld-3.0/core/hdd/src/wlan_hdd_sysfs_range_ext.o
  CC      drivers/staging/qcacld-3.0/core/hdd/src/wlan_hdd_sysfs_radar.o
  CC      drivers/staging/qcacld-3.0/core/hdd/src/wlan_hdd_sysfs_rts_cts.o
  CC      drivers/staging/qcacld-3.0/core/hdd/src/wlan_hdd_sysfs_he_bss_color.o
  CC      drivers/staging/qcacld-3.0/core/hdd/src/wlan_hdd_sysfs_txrx_fw_stats.o
  CC      drivers/staging/qcacld-3.0/core/hdd/src/wlan_hdd_sysfs_txrx_stats.o
  CC      drivers/staging/qcacld-3.0/core/hdd/src/wlan_hdd_sysfs_dp_trace.o
  CC      drivers/staging/qcacld-3.0/core/hdd/src/wlan_hdd_sysfs_stats.o
  CC      drivers/staging/qcacld-3.0/core/hdd/src/wlan_hdd_sysfs_tdls_peers.o
  CC      drivers/staging/qcacld-3.0/core/hdd/src/wlan_hdd_sysfs_temperature.o
  CC      drivers/staging/qcacld-3.0/core/hdd/src/wlan_hdd_sysfs_thermal_cfg.o
  CC      drivers/staging/qcacld-3.0/core/hdd/src/wlan_hdd_sysfs_wlan_dbg.o
  CC      drivers/staging/qcacld-3.0/core/hdd/src/wlan_hdd_sysfs_txrx_fw_st_rst.o
  CC      drivers/staging/qcacld-3.0/core/hdd/src/wlan_hdd_sysfs_gtx_bw_mask.o
  CC      drivers/staging/qcacld-3.0/core/hdd/src/wlan_hdd_sysfs_ipa.o
  CC      drivers/staging/qcacld-3.0/core/hdd/src/wlan_hdd_sysfs_dl_modes.o
  CC      drivers/staging/qcacld-3.0/core/hdd/src/wlan_hdd_sysfs_policy_mgr.o
  CC      drivers/staging/qcacld-3.0/core/hdd/src/wlan_hdd_sysfs_dp_aggregation.o
  CC      drivers/staging/qcacld-3.0/core/hdd/src/wlan_hdd_sysfs_dump_in_progress.o
  CC      drivers/staging/qcacld-3.0/core/hdd/src/wlan_hdd_fw_state.o
  CC      drivers/staging/qcacld-3.0/core/hdd/src/wlan_hdd_bcn_recv.o
  CC      drivers/staging/qcacld-3.0/core/hdd/src/wlan_hdd_thermal.o
  CC      drivers/staging/qcacld-3.0/core/hdd/src/wlan_hdd_cfr.o
  CC      drivers/staging/qcacld-3.0/os_if/sync/src/osif_sync.o
  CC      drivers/staging/qcacld-3.0/os_if/sync/src/osif_driver_sync.o
  CC      drivers/staging/qcacld-3.0/os_if/sync/src/osif_psoc_sync.o
  CC      drivers/staging/qcacld-3.0/os_if/sync/src/osif_vdev_sync.o
  CC      drivers/staging/qcacld-3.0/components/dsc/src/__wlan_dsc.o
  CC      drivers/staging/qcacld-3.0/components/dsc/src/wlan_dsc_driver.o
  CC      drivers/staging/qcacld-3.0/components/dsc/src/wlan_dsc_psoc.o
  CC      drivers/staging/qcacld-3.0/components/dsc/src/wlan_dsc_vdev.o
  CC      drivers/staging/qcacld-3.0/core/mac/src/dph/dph_hash_table.o
  CC      drivers/staging/qcacld-3.0/core/mac/src/pe/lim/lim_aid_mgmt.o
  CC      drivers/staging/qcacld-3.0/core/mac/src/pe/lim/lim_admit_control.o
  CC      drivers/staging/qcacld-3.0/core/mac/src/pe/lim/lim_api.o
  CC      drivers/staging/qcacld-3.0/core/mac/src/pe/lim/lim_assoc_utils.o
  CC      drivers/staging/qcacld-3.0/core/mac/src/pe/lim/lim_ft.o
  CC      drivers/staging/qcacld-3.0/core/mac/src/pe/lim/lim_link_monitoring_algo.o
  CC      drivers/staging/qcacld-3.0/core/mac/src/pe/lim/lim_process_action_frame.o
  CC      drivers/staging/qcacld-3.0/core/mac/src/pe/lim/lim_process_assoc_req_frame.o
  CC      drivers/staging/qcacld-3.0/core/mac/src/pe/lim/lim_process_assoc_rsp_frame.o
  CC      drivers/staging/qcacld-3.0/core/mac/src/pe/lim/lim_process_auth_frame.o
  CC      drivers/staging/qcacld-3.0/core/mac/src/pe/lim/lim_process_beacon_frame.o
  CC      drivers/staging/qcacld-3.0/core/mac/src/pe/lim/lim_process_cfg_updates.o
  CC      drivers/staging/qcacld-3.0/core/mac/src/pe/lim/lim_process_deauth_frame.o
  CC      drivers/staging/qcacld-3.0/core/mac/src/pe/lim/lim_process_disassoc_frame.o
  CC      drivers/staging/qcacld-3.0/core/mac/src/pe/lim/lim_process_message_queue.o
  CC      drivers/staging/qcacld-3.0/core/mac/src/pe/lim/lim_process_mlm_req_messages.o
  CC      drivers/staging/qcacld-3.0/core/mac/src/pe/lim/lim_process_mlm_rsp_messages.o
  CC      drivers/staging/qcacld-3.0/core/mac/src/pe/lim/lim_process_probe_req_frame.o
  CC      drivers/staging/qcacld-3.0/core/mac/src/pe/lim/lim_process_probe_rsp_frame.o
  CC      drivers/staging/qcacld-3.0/core/mac/src/pe/lim/lim_process_sme_req_messages.o
  CC      drivers/staging/qcacld-3.0/core/mac/src/pe/lim/lim_prop_exts_utils.o
  CC      drivers/staging/qcacld-3.0/core/mac/src/pe/lim/lim_scan_result_utils.o
  CC      drivers/staging/qcacld-3.0/core/mac/src/pe/lim/lim_security_utils.o
  CC      drivers/staging/qcacld-3.0/core/mac/src/pe/lim/lim_send_management_frames.o
  CC      drivers/staging/qcacld-3.0/core/mac/src/pe/lim/lim_send_messages.o
  CC      drivers/staging/qcacld-3.0/core/mac/src/pe/lim/lim_send_sme_rsp_messages.o
  CC      drivers/staging/qcacld-3.0/core/mac/src/pe/lim/lim_session.o
  CC      drivers/staging/qcacld-3.0/core/mac/src/pe/lim/lim_session_utils.o
  CC      drivers/staging/qcacld-3.0/core/mac/src/pe/lim/lim_sme_req_utils.o
  CC      drivers/staging/qcacld-3.0/core/mac/src/pe/lim/lim_timer_utils.o
  CC      drivers/staging/qcacld-3.0/core/mac/src/pe/lim/lim_trace.o
  CC      drivers/staging/qcacld-3.0/core/mac/src/pe/lim/lim_utils.o
  CC      drivers/staging/qcacld-3.0/core/mac/src/pe/lim/lim_process_tdls.o
  CC      drivers/staging/qcacld-3.0/core/mac/src/pe/lim/lim_process_fils.o
  CC      drivers/staging/qcacld-3.0/core/mac/src/pe/sch/sch_api.o
  CC      drivers/staging/qcacld-3.0/core/mac/src/pe/sch/sch_beacon_gen.o
  CC      drivers/staging/qcacld-3.0/core/mac/src/pe/sch/sch_beacon_process.o
  CC      drivers/staging/qcacld-3.0/core/mac/src/pe/sch/sch_message.o
  CC      drivers/staging/qcacld-3.0/core/mac/src/pe/rrm/rrm_api.o
  CC      drivers/staging/qcacld-3.0/core/mac/src/pe/nan/nan_datapath.o
  CC      drivers/staging/qcacld-3.0/core/sap/src/sap_api_link_cntl.o
  CC      drivers/staging/qcacld-3.0/core/sap/src/sap_ch_select.o
  CC      drivers/staging/qcacld-3.0/core/sap/src/sap_fsm.o
  CC      drivers/staging/qcacld-3.0/core/sap/src/sap_module.o
  CC      drivers/staging/qcacld-3.0/../qca-wifi-host-cmn/cfg/src/cfg.o
  CC      drivers/staging/qcacld-3.0/../qca-wifi-host-cmn/umac/dfs/core/src/misc/dfs.o
  CC      drivers/staging/qcacld-3.0/../qca-wifi-host-cmn/umac/dfs/core/src/misc/dfs_cac.o
  CC      drivers/staging/qcacld-3.0/../qca-wifi-host-cmn/umac/dfs/core/src/misc/dfs_nol.o
  CC      drivers/staging/qcacld-3.0/../qca-wifi-host-cmn/umac/dfs/core/src/misc/dfs_random_chan_sel.o
  CC      drivers/staging/qcacld-3.0/../qca-wifi-host-cmn/umac/dfs/core/src/misc/dfs_process_radar_found_ind.o
  CC      drivers/staging/qcacld-3.0/../qca-wifi-host-cmn/umac/dfs/dispatcher/src/wlan_dfs_init_deinit_api.o
  CC      drivers/staging/qcacld-3.0/../qca-wifi-host-cmn/umac/dfs/dispatcher/src/wlan_dfs_lmac_api.o
  CC      drivers/staging/qcacld-3.0/../qca-wifi-host-cmn/umac/dfs/dispatcher/src/wlan_dfs_mlme_api.o
  CC      drivers/staging/qcacld-3.0/../qca-wifi-host-cmn/umac/dfs/dispatcher/src/wlan_dfs_tgt_api.o
  CC      drivers/staging/qcacld-3.0/../qca-wifi-host-cmn/umac/dfs/dispatcher/src/wlan_dfs_ucfg_api.o
  CC      drivers/staging/qcacld-3.0/../qca-wifi-host-cmn/umac/dfs/dispatcher/src/wlan_dfs_utils_api.o
  CC      drivers/staging/qcacld-3.0/../qca-wifi-host-cmn/target_if/dfs/src/target_if_dfs.o
  CC      drivers/staging/qcacld-3.0/../qca-wifi-host-cmn/target_if/dfs/src/target_if_dfs_full_offload.o
  CC      drivers/staging/qcacld-3.0/../qca-wifi-host-cmn/umac/dfs/core/src/misc/dfs_full_offload.o
  CC      drivers/staging/qcacld-3.0/core/sme/src/common/sme_api.o
  CC      drivers/staging/qcacld-3.0/core/sme/src/common/sme_ft_api.o
  CC      drivers/staging/qcacld-3.0/core/sme/src/common/sme_power_save.o
  CC      drivers/staging/qcacld-3.0/core/sme/src/common/sme_trace.o
  CC      drivers/staging/qcacld-3.0/core/sme/src/csr/csr_api_roam.o
  CC      drivers/staging/qcacld-3.0/core/sme/src/csr/csr_api_scan.o
  CC      drivers/staging/qcacld-3.0/core/sme/src/csr/csr_cmd_process.o
  CC      drivers/staging/qcacld-3.0/core/sme/src/csr/csr_link_list.o
  CC      drivers/staging/qcacld-3.0/core/sme/src/csr/csr_neighbor_roam.o
  CC      drivers/staging/qcacld-3.0/core/sme/src/csr/csr_util.o
  CC      drivers/staging/qcacld-3.0/core/sme/src/qos/sme_qos.o
  CC      drivers/staging/qcacld-3.0/core/sme/src/rrm/sme_rrm.o
  CC      drivers/staging/qcacld-3.0/core/sme/src/nan/nan_datapath_api.o
  CC      drivers/staging/qcacld-3.0/../qca-wifi-host-cmn/utils/nlink/src/wlan_nlink_srv.o
  CC      drivers/staging/qcacld-3.0/../qca-wifi-host-cmn/utils/ptt/src/wlan_ptt_sock_svc.o
  CC      drivers/staging/qcacld-3.0/core/mac/src/sys/common/src/wlan_qct_sys.o
  CC      drivers/staging/qcacld-3.0/core/mac/src/sys/legacy/src/platform/src/sys_wrapper.o
  CC      drivers/staging/qcacld-3.0/core/mac/src/sys/legacy/src/system/src/mac_init_api.o
  CC      drivers/staging/qcacld-3.0/core/mac/src/sys/legacy/src/system/src/sys_entry_func.o
  CC      drivers/staging/qcacld-3.0/core/mac/src/sys/legacy/src/utils/src/dot11f.o
  CC      drivers/staging/qcacld-3.0/core/mac/src/sys/legacy/src/utils/src/mac_trace.o
  CC      drivers/staging/qcacld-3.0/core/mac/src/sys/legacy/src/utils/src/parser_api.o
  CC      drivers/staging/qcacld-3.0/core/mac/src/sys/legacy/src/utils/src/utils_parser.o
  CC      drivers/staging/qcacld-3.0/components/wmi/src/wmi_unified_roam_tlv.o
  CC      drivers/staging/qcacld-3.0/components/wmi/src/wmi_unified_roam_api.o
  CC      drivers/staging/qcacld-3.0/components/wmi/src/wmi_unified_mc_cp_stats_tlv.o
../drivers/staging/qcacld-3.0/core/mac/src/sys/legacy/src/utils/src/parser_api.c:6177:14: warning: argument 'mdie' of type 'uint8_t[3]' (aka 'unsigned char[3]') with mismatched bound [-Warray-parameter]
 6177 |                    uint8_t mdie[SIR_MDIE_SIZE])
      |                            ^
../drivers/staging/qcacld-3.0/core/mac/src/include/parser_api.h:1056:14: note: previously declared as 'uint8_t[]' (aka 'unsigned char[]') here
 1056 |                    uint8_t mdie[]);
      |                            ^
1 warning generated.
  CC      drivers/staging/qcacld-3.0/components/wmi/src/wmi_unified_mc_cp_stats_api.o
  CC      drivers/staging/qcacld-3.0/../qca-wifi-host-cmn/qdf/linux/src/qdf_crypto.o
  CC      drivers/staging/qcacld-3.0/../qca-wifi-host-cmn/qdf/linux/src/qdf_defer.o
  CC      drivers/staging/qcacld-3.0/../qca-wifi-host-cmn/qdf/linux/src/qdf_delayed_work.o
  CC      drivers/staging/qcacld-3.0/../qca-wifi-host-cmn/qdf/linux/src/qdf_event.o
  CC      drivers/staging/qcacld-3.0/../qca-wifi-host-cmn/qdf/linux/src/qdf_file.o
  CC      drivers/staging/qcacld-3.0/../qca-wifi-host-cmn/qdf/linux/src/qdf_func_tracker.o
  CC      drivers/staging/qcacld-3.0/../qca-wifi-host-cmn/qdf/linux/src/qdf_idr.o
  CC      drivers/staging/qcacld-3.0/../qca-wifi-host-cmn/qdf/linux/src/qdf_list.o
  CC      drivers/staging/qcacld-3.0/../qca-wifi-host-cmn/qdf/linux/src/qdf_lock.o
  CC      drivers/staging/qcacld-3.0/../qca-wifi-host-cmn/qdf/linux/src/qdf_mc_timer.o
  CC      drivers/staging/qcacld-3.0/../qca-wifi-host-cmn/qdf/linux/src/qdf_mem.o
  CC      drivers/staging/qcacld-3.0/../qca-wifi-host-cmn/qdf/linux/src/qdf_nbuf.o
  CC      drivers/staging/qcacld-3.0/../qca-wifi-host-cmn/qdf/linux/src/qdf_periodic_work.o
  CC      drivers/staging/qcacld-3.0/../qca-wifi-host-cmn/qdf/linux/src/qdf_status.o
  CC      drivers/staging/qcacld-3.0/../qca-wifi-host-cmn/qdf/linux/src/qdf_threads.o
  CC      drivers/staging/qcacld-3.0/../qca-wifi-host-cmn/qdf/linux/src/qdf_trace.o
  CC      drivers/staging/qcacld-3.0/../qca-wifi-host-cmn/qdf/linux/src/qdf_nbuf_frag.o
  CC      drivers/staging/qcacld-3.0/../qca-wifi-host-cmn/qdf/src/qdf_flex_mem.o
  CC      drivers/staging/qcacld-3.0/../qca-wifi-host-cmn/qdf/src/qdf_parse.o
  CC      drivers/staging/qcacld-3.0/../qca-wifi-host-cmn/qdf/src/qdf_platform.o
  CC      drivers/staging/qcacld-3.0/../qca-wifi-host-cmn/qdf/src/qdf_str.o
  CC      drivers/staging/qcacld-3.0/../qca-wifi-host-cmn/qdf/src/qdf_talloc.o
  CC      drivers/staging/qcacld-3.0/../qca-wifi-host-cmn/qdf/src/qdf_types.o
  CC      drivers/staging/qcacld-3.0/../qca-wifi-host-cmn/qdf/linux/src/qdf_ipa.o
  CC      drivers/staging/qcacld-3.0/../qca-wifi-host-cmn/qdf/src/qdf_cpuhp.o
  CC      drivers/staging/qcacld-3.0/../qca-wifi-host-cmn/qdf/linux/src/qdf_cpuhp.o
  CC      drivers/staging/qcacld-3.0/../qca-wifi-host-cmn/wbuff/src/wbuff.o
  CC      drivers/staging/qcacld-3.0/../qca-wifi-host-cmn/os_if/linux/wlan_osif_request_manager.o
  CC      drivers/staging/qcacld-3.0/../qca-wifi-host-cmn/os_if/linux/crypto/src/wlan_nl_to_crypto_params.o
  CC      drivers/staging/qcacld-3.0/../qca-wifi-host-cmn/os_if/linux/crypto/src/wlan_cfg80211_crypto.o
  CC      drivers/staging/qcacld-3.0/../qca-wifi-host-cmn/umac/global_umac_dispatcher/lmac_if/src/wlan_lmac_if.o
  CC      drivers/staging/qcacld-3.0/../qca-wifi-host-cmn/umac/scan/core/src/wlan_scan_cache_db.o
  CC      drivers/staging/qcacld-3.0/../qca-wifi-host-cmn/umac/scan/core/src/wlan_scan_11d.o
  CC      drivers/staging/qcacld-3.0/../qca-wifi-host-cmn/umac/scan/core/src/wlan_scan_filter.o
  CC      drivers/staging/qcacld-3.0/../qca-wifi-host-cmn/umac/scan/core/src/wlan_scan_main.o
  CC      drivers/staging/qcacld-3.0/../qca-wifi-host-cmn/umac/scan/core/src/wlan_scan_manager.o
  CC      drivers/staging/qcacld-3.0/../qca-wifi-host-cmn/umac/scan/dispatcher/src/wlan_scan_tgt_api.o
  CC      drivers/staging/qcacld-3.0/../qca-wifi-host-cmn/umac/scan/dispatcher/src/wlan_scan_ucfg_api.o
  CC      drivers/staging/qcacld-3.0/../qca-wifi-host-cmn/umac/scan/dispatcher/src/wlan_scan_api.o
  CC      drivers/staging/qcacld-3.0/../qca-wifi-host-cmn/umac/scan/dispatcher/src/wlan_scan_utils_api.o
  CC      drivers/staging/qcacld-3.0/../qca-wifi-host-cmn/os_if/linux/scan/src/wlan_cfg80211_scan.o
  CC      drivers/staging/qcacld-3.0/../qca-wifi-host-cmn/os_if/linux/wlan_cfg80211.o
  CC      drivers/staging/qcacld-3.0/../qca-wifi-host-cmn/target_if/scan/src/target_if_scan.o
  CC      drivers/staging/qcacld-3.0/../qca-wifi-host-cmn/umac/scan/core/src/wlan_scan_manager_6ghz.o
  CC      drivers/staging/qcacld-3.0/../qca-wifi-host-cmn/spectral/core/spectral_offload.o
  CC      drivers/staging/qcacld-3.0/../qca-wifi-host-cmn/spectral/core/spectral_common.o
  CC      drivers/staging/qcacld-3.0/../qca-wifi-host-cmn/spectral/dispatcher/src/wlan_spectral_ucfg_api.o
  CC      drivers/staging/qcacld-3.0/../qca-wifi-host-cmn/spectral/dispatcher/src/wlan_spectral_utils_api.o
  CC      drivers/staging/qcacld-3.0/../qca-wifi-host-cmn/spectral/dispatcher/src/wlan_spectral_tgt_api.o
  CC      drivers/staging/qcacld-3.0/../qca-wifi-host-cmn/os_if/linux/spectral/src/wlan_cfg80211_spectral.o
  CC      drivers/staging/qcacld-3.0/../qca-wifi-host-cmn/os_if/linux/spectral/src/os_if_spectral_netlink.o
  CC      drivers/staging/qcacld-3.0/../qca-wifi-host-cmn/target_if/spectral/target_if_spectral_netlink.o
  CC      drivers/staging/qcacld-3.0/../qca-wifi-host-cmn/target_if/spectral/target_if_spectral_phyerr.o
  CC      drivers/staging/qcacld-3.0/../qca-wifi-host-cmn/target_if/spectral/target_if_spectral.o
  CC      drivers/staging/qcacld-3.0/../qca-wifi-host-cmn/target_if/spectral/target_if_spectral_sim.o
  CC      drivers/staging/qcacld-3.0/../qca-wifi-host-cmn/umac/cfr/core/src/cfr_common.o
  CC      drivers/staging/qcacld-3.0/../qca-wifi-host-cmn/umac/cfr/dispatcher/src/wlan_cfr_tgt_api.o
  CC      drivers/staging/qcacld-3.0/../qca-wifi-host-cmn/umac/cfr/dispatcher/src/wlan_cfr_ucfg_api.o
  CC      drivers/staging/qcacld-3.0/../qca-wifi-host-cmn/umac/cfr/dispatcher/src/wlan_cfr_utils_api.o
  CC      drivers/staging/qcacld-3.0/../qca-wifi-host-cmn/target_if/cfr/src/target_if_cfr.o
  CC      drivers/staging/qcacld-3.0/../qca-wifi-host-cmn/target_if/cfr/src/target_if_cfr_enh.o
  CC      drivers/staging/qcacld-3.0/../qca-wifi-host-cmn/target_if/cfr/src/target_if_cfr_6490.o
  CC      drivers/staging/qcacld-3.0/../qca-wifi-host-cmn/umac/green_ap/core/src/wlan_green_ap_main.o
  CC      drivers/staging/qcacld-3.0/../qca-wifi-host-cmn/umac/green_ap/dispatcher/src/wlan_green_ap_api.o
  CC      drivers/staging/qcacld-3.0/../qca-wifi-host-cmn/umac/green_ap/dispatcher/src/wlan_green_ap_ucfg_api.o
  CC      drivers/staging/qcacld-3.0/../qca-wifi-host-cmn/target_if/green_ap/src/target_if_green_ap.o
  CC      drivers/staging/qcacld-3.0/../qca-wifi-host-cmn/umac/cmn_services/crypto/src/wlan_crypto_global_api.o
  CC      drivers/staging/qcacld-3.0/../qca-wifi-host-cmn/umac/cmn_services/crypto/src/wlan_crypto_ucfg_api.o
  CC      drivers/staging/qcacld-3.0/../qca-wifi-host-cmn/umac/cmn_services/crypto/src/wlan_crypto_main.o
  CC      drivers/staging/qcacld-3.0/../qca-wifi-host-cmn/umac/cmn_services/crypto/src/wlan_crypto_obj_mgr.o
  CC      drivers/staging/qcacld-3.0/../qca-wifi-host-cmn/umac/cmn_services/crypto/src/wlan_crypto_param_handling.o
  CC      drivers/staging/qcacld-3.0/../qca-wifi-host-cmn/ftm/dispatcher/src/wlan_ftm_init_deinit.o
  CC      drivers/staging/qcacld-3.0/../qca-wifi-host-cmn/ftm/dispatcher/src/wlan_ftm_ucfg_api.o
  CC      drivers/staging/qcacld-3.0/../qca-wifi-host-cmn/ftm/core/src/wlan_ftm_svc.o
  CC      drivers/staging/qcacld-3.0/../qca-wifi-host-cmn/target_if/ftm/src/target_if_ftm.o
  CC      drivers/staging/qcacld-3.0/../qca-wifi-host-cmn/os_if/linux/ftm/src/wlan_cfg80211_ftm.o
  CC      drivers/staging/qcacld-3.0/../qca-wifi-host-cmn/os_if/linux/ftm/src/wlan_ioctl_ftm.o
  CC      drivers/staging/qcacld-3.0/../qca-wifi-host-cmn/umac/cmn_services/utils/src/wlan_utility.o
  CC      drivers/staging/qcacld-3.0/core/cds/src/cds_api.o
  CC      drivers/staging/qcacld-3.0/core/cds/src/cds_reg_service.o
  CC      drivers/staging/qcacld-3.0/core/cds/src/cds_packet.o
  CC      drivers/staging/qcacld-3.0/core/cds/src/cds_regdomain.o
  CC      drivers/staging/qcacld-3.0/core/cds/src/cds_sched.o
  CC      drivers/staging/qcacld-3.0/core/cds/src/cds_utils.o
  CC      drivers/staging/qcacld-3.0/../qca-wifi-host-cmn/umac/cmn_services/obj_mgr/src/wlan_objmgr_global_obj.o
  CC      drivers/staging/qcacld-3.0/../qca-wifi-host-cmn/umac/cmn_services/obj_mgr/src/wlan_objmgr_pdev_obj.o
  CC      drivers/staging/qcacld-3.0/../qca-wifi-host-cmn/umac/cmn_services/obj_mgr/src/wlan_objmgr_peer_obj.o
  CC      drivers/staging/qcacld-3.0/../qca-wifi-host-cmn/umac/cmn_services/obj_mgr/src/wlan_objmgr_psoc_obj.o
  CC      drivers/staging/qcacld-3.0/../qca-wifi-host-cmn/umac/cmn_services/obj_mgr/src/wlan_objmgr_vdev_obj.o
  CC      drivers/staging/qcacld-3.0/../qca-wifi-host-cmn/umac/cmn_services/obj_mgr/src/wlan_objmgr_debug.o
  CC      drivers/staging/qcacld-3.0/../qca-wifi-host-cmn/umac/cmn_services/mgmt_txrx/core/src/wlan_mgmt_txrx_main.o
  CC      drivers/staging/qcacld-3.0/../qca-wifi-host-cmn/umac/cmn_services/mgmt_txrx/dispatcher/src/wlan_mgmt_txrx_utils_api.o
  CC      drivers/staging/qcacld-3.0/../qca-wifi-host-cmn/umac/cmn_services/mgmt_txrx/dispatcher/src/wlan_mgmt_txrx_tgt_api.o
  CC      drivers/staging/qcacld-3.0/../qca-wifi-host-cmn/umac/cmn_services/interface_mgr/src/wlan_if_mgr_main.o
  CC      drivers/staging/qcacld-3.0/../qca-wifi-host-cmn/umac/cmn_services/interface_mgr/src/wlan_if_mgr_core.o
  CC      drivers/staging/qcacld-3.0/components/cmn_services/interface_mgr/src/wlan_if_mgr_sta.o
  CC      drivers/staging/qcacld-3.0/components/cmn_services/interface_mgr/src/wlan_if_mgr_sap.o
  CC      drivers/staging/qcacld-3.0/components/cmn_services/interface_mgr/src/wlan_if_mgr_roam.o
  CC      drivers/staging/qcacld-3.0/components/pmo/core/src/wlan_pmo_main.o
  CC      drivers/staging/qcacld-3.0/components/pmo/core/src/wlan_pmo_apf.o
  CC      drivers/staging/qcacld-3.0/components/pmo/core/src/wlan_pmo_arp.o
  CC      drivers/staging/qcacld-3.0/components/pmo/core/src/wlan_pmo_gtk.o
  CC      drivers/staging/qcacld-3.0/components/pmo/core/src/wlan_pmo_mc_addr_filtering.o
  CC      drivers/staging/qcacld-3.0/components/pmo/core/src/wlan_pmo_static_config.o
  CC      drivers/staging/qcacld-3.0/components/pmo/core/src/wlan_pmo_wow.o
  CC      drivers/staging/qcacld-3.0/components/pmo/core/src/wlan_pmo_lphb.o
  CC      drivers/staging/qcacld-3.0/components/pmo/core/src/wlan_pmo_suspend_resume.o
  CC      drivers/staging/qcacld-3.0/components/pmo/core/src/wlan_pmo_hw_filter.o
  CC      drivers/staging/qcacld-3.0/components/pmo/dispatcher/src/wlan_pmo_obj_mgmt_api.o
  CC      drivers/staging/qcacld-3.0/components/pmo/dispatcher/src/wlan_pmo_ucfg_api.o
  CC      drivers/staging/qcacld-3.0/components/pmo/dispatcher/src/wlan_pmo_tgt_arp.o
  CC      drivers/staging/qcacld-3.0/components/pmo/dispatcher/src/wlan_pmo_tgt_gtk.o
  CC      drivers/staging/qcacld-3.0/components/pmo/dispatcher/src/wlan_pmo_tgt_wow.o
  CC      drivers/staging/qcacld-3.0/components/pmo/dispatcher/src/wlan_pmo_tgt_static_config.o
  CC      drivers/staging/qcacld-3.0/components/pmo/dispatcher/src/wlan_pmo_tgt_mc_addr_filtering.o
  CC      drivers/staging/qcacld-3.0/components/pmo/dispatcher/src/wlan_pmo_tgt_lphb.o
  CC      drivers/staging/qcacld-3.0/components/pmo/dispatcher/src/wlan_pmo_tgt_suspend_resume.o
  CC      drivers/staging/qcacld-3.0/components/pmo/dispatcher/src/wlan_pmo_tgt_hw_filter.o
  CC      drivers/staging/qcacld-3.0/components/pmo/core/src/wlan_pmo_pkt_filter.o
  CC      drivers/staging/qcacld-3.0/components/pmo/dispatcher/src/wlan_pmo_tgt_pkt_filter.o
  CC      drivers/staging/qcacld-3.0/components/pmo/core/src/wlan_pmo_ns.o
  CC      drivers/staging/qcacld-3.0/components/pmo/dispatcher/src/wlan_pmo_tgt_ns.o
  CC      drivers/staging/qcacld-3.0/components/disa/core/src/wlan_disa_main.o
  CC      drivers/staging/qcacld-3.0/components/disa/dispatcher/src/wlan_disa_obj_mgmt_api.o
  CC      drivers/staging/qcacld-3.0/components/disa/dispatcher/src/wlan_disa_tgt_api.o
  CC      drivers/staging/qcacld-3.0/components/disa/dispatcher/src/wlan_disa_ucfg_api.o
  CC      drivers/staging/qcacld-3.0/components/ipa/dispatcher/src/wlan_ipa_ucfg_api.o
  CC      drivers/staging/qcacld-3.0/components/ipa/dispatcher/src/wlan_ipa_obj_mgmt_api.o
  CC      drivers/staging/qcacld-3.0/components/ipa/dispatcher/src/wlan_ipa_tgt_api.o
  CC      drivers/staging/qcacld-3.0/components/ipa/core/src/wlan_ipa_main.o
  CC      drivers/staging/qcacld-3.0/components/ipa/core/src/wlan_ipa_core.o
  CC      drivers/staging/qcacld-3.0/components/ipa/core/src/wlan_ipa_stats.o
  CC      drivers/staging/qcacld-3.0/components/ipa/core/src/wlan_ipa_rm.o
  CC      drivers/staging/qcacld-3.0/components/fw_offload/core/src/wlan_fw_offload_main.o
  CC      drivers/staging/qcacld-3.0/components/fw_offload/dispatcher/src/wlan_fwol_ucfg_api.o
  CC      drivers/staging/qcacld-3.0/components/fw_offload/dispatcher/src/wlan_fwol_tgt_api.o
  CC      drivers/staging/qcacld-3.0/components/target_if/fw_offload/src/target_if_fwol.o
  CC      drivers/staging/qcacld-3.0/os_if/fw_offload/src/os_if_fwol.o
  CC      drivers/staging/qcacld-3.0/../qca-wifi-host-cmn/umac/cmn_services/sm_engine/src/wlan_sm_engine.o
  CC      drivers/staging/qcacld-3.0/../qca-wifi-host-cmn/umac/mlme/mlme_objmgr/dispatcher/src/wlan_vdev_mlme_main.o
  CC      drivers/staging/qcacld-3.0/../qca-wifi-host-cmn/umac/mlme/vdev_mgr/core/src/vdev_mlme_sm.o
  CC      drivers/staging/qcacld-3.0/../qca-wifi-host-cmn/umac/mlme/vdev_mgr/dispatcher/src/wlan_vdev_mlme_api.o
  CC      drivers/staging/qcacld-3.0/../qca-wifi-host-cmn/umac/mlme/vdev_mgr/core/src/vdev_mgr_ops.o
  CC      drivers/staging/qcacld-3.0/../qca-wifi-host-cmn/umac/mlme/vdev_mgr/dispatcher/src/wlan_vdev_mgr_tgt_if_rx_api.o
  CC      drivers/staging/qcacld-3.0/../qca-wifi-host-cmn/umac/mlme/vdev_mgr/dispatcher/src/wlan_vdev_mgr_tgt_if_tx_api.o
  CC      drivers/staging/qcacld-3.0/../qca-wifi-host-cmn/umac/mlme/vdev_mgr/dispatcher/src/wlan_vdev_mgr_ucfg_api.o
  CC      drivers/staging/qcacld-3.0/../qca-wifi-host-cmn/umac/mlme/vdev_mgr/dispatcher/src/wlan_vdev_mgr_utils_api.o
  CC      drivers/staging/qcacld-3.0/../qca-wifi-host-cmn/umac/mlme/mlme_objmgr/dispatcher/src/wlan_cmn_mlme_main.o
  CC      drivers/staging/qcacld-3.0/../qca-wifi-host-cmn/umac/mlme/mlme_objmgr/dispatcher/src/wlan_pdev_mlme_main.o
  CC      drivers/staging/qcacld-3.0/../qca-wifi-host-cmn/umac/mlme/pdev_mgr/dispatcher/src/wlan_pdev_mlme_api.o
  CC      drivers/staging/qcacld-3.0/../qca-wifi-host-cmn/umac/mlme/mlme_objmgr/dispatcher/src/wlan_psoc_mlme_main.o
  CC      drivers/staging/qcacld-3.0/../qca-wifi-host-cmn/umac/mlme/psoc_mgr/dispatcher/src/wlan_psoc_mlme_api.o
  CC      drivers/staging/qcacld-3.0/../qca-wifi-host-cmn/umac/mlme/connection_mgr/core/src/wlan_cm_bss_scoring.o
  CC      drivers/staging/qcacld-3.0/components/mlme/core/src/wlan_mlme_main.o
  CC      drivers/staging/qcacld-3.0/components/mlme/dispatcher/src/wlan_mlme_api.o
  CC      drivers/staging/qcacld-3.0/components/mlme/dispatcher/src/wlan_mlme_ucfg_api.o
  CC      drivers/staging/qcacld-3.0/components/mlme/core/src/wlan_mlme_vdev_mgr_interface.o
  CC      drivers/staging/qcacld-3.0/components/mlme/core/src/wlan_mlme_twt_api.o
  CC      drivers/staging/qcacld-3.0/components/mlme/dispatcher/src/wlan_mlme_twt_ucfg_api.o
  CC      drivers/staging/qcacld-3.0/components/umac/mlme/connection_mgr/dispatcher/src/wlan_cm_tgt_if_tx_api.o
  CC      drivers/staging/qcacld-3.0/components/umac/mlme/connection_mgr/dispatcher/src/wlan_cm_roam_api.o
  CC      drivers/staging/qcacld-3.0/components/umac/mlme/connection_mgr/dispatcher/src/wlan_cm_roam_ucfg_api.o
  CC      drivers/staging/qcacld-3.0/components/target_if/connection_mgr/src/target_if_cm_roam_offload.o
  CC      drivers/staging/qcacld-3.0/components/umac/mlme/connection_mgr/core/src/wlan_cm_roam_offload.o
  CC      drivers/staging/qcacld-3.0/components/target_if/wfa_config/src/target_if_wfa_testcmd.o
  CC      drivers/staging/qcacld-3.0/components/umac/mlme/wfa_config/dispatcher/src/wlan_wfa_tgt_if_tx_api.o
  CC      drivers/staging/qcacld-3.0/components/blacklist_mgr/core/src/wlan_blm_main.o
  CC      drivers/staging/qcacld-3.0/components/blacklist_mgr/core/src/wlan_blm_core.o
  CC      drivers/staging/qcacld-3.0/components/blacklist_mgr/dispatcher/src/wlan_blm_ucfg_api.o
  CC      drivers/staging/qcacld-3.0/components/blacklist_mgr/dispatcher/src/wlan_blm_tgt_api.o
  CC      drivers/staging/qcacld-3.0/components/action_oui/core/src/wlan_action_oui_main.o
  CC      drivers/staging/qcacld-3.0/components/action_oui/core/src/wlan_action_oui_parse.o
  CC      drivers/staging/qcacld-3.0/components/action_oui/dispatcher/src/wlan_action_oui_tgt_api.o
  CC      drivers/staging/qcacld-3.0/components/action_oui/dispatcher/src/wlan_action_oui_ucfg_api.o
  CC      drivers/staging/qcacld-3.0/components/pkt_capture/core/src/wlan_pkt_capture_main.o
  CC      drivers/staging/qcacld-3.0/components/pkt_capture/core/src/wlan_pkt_capture_mon_thread.o
  CC      drivers/staging/qcacld-3.0/components/pkt_capture/core/src/wlan_pkt_capture_mgmt_txrx.o
  CC      drivers/staging/qcacld-3.0/components/pkt_capture/core/src/wlan_pkt_capture_data_txrx.o
  CC      drivers/staging/qcacld-3.0/components/pkt_capture/dispatcher/src/wlan_pkt_capture_ucfg_api.o
  CC      drivers/staging/qcacld-3.0/components/pkt_capture/dispatcher/src/wlan_pkt_capture_tgt_api.o
  CC      drivers/staging/qcacld-3.0/components/pkt_capture/dispatcher/src/wlan_pkt_capture_api.o
  CC      drivers/staging/qcacld-3.0/components/target_if/pkt_capture//src/target_if_pkt_capture.o
  CC      drivers/staging/qcacld-3.0/os_if/pkt_capture/src/os_if_pkt_capture.o
  CC      drivers/staging/qcacld-3.0/components/target_if/pmo/src/target_if_pmo_arp.o
  CC      drivers/staging/qcacld-3.0/components/target_if/pmo/src/target_if_pmo_gtk.o
  CC      drivers/staging/qcacld-3.0/components/target_if/pmo/src/target_if_pmo_hw_filter.o
  CC      drivers/staging/qcacld-3.0/components/target_if/pmo/src/target_if_pmo_lphb.o
  CC      drivers/staging/qcacld-3.0/components/target_if/pmo/src/target_if_pmo_main.o
  CC      drivers/staging/qcacld-3.0/components/target_if/pmo/src/target_if_pmo_mc_addr_filtering.o
  CC      drivers/staging/qcacld-3.0/components/target_if/pmo/src/target_if_pmo_static_config.o
  CC      drivers/staging/qcacld-3.0/components/target_if/pmo/src/target_if_pmo_suspend_resume.o
  CC      drivers/staging/qcacld-3.0/components/target_if/pmo/src/target_if_pmo_wow.o
  CC      drivers/staging/qcacld-3.0/components/target_if/pmo/src/target_if_pmo_ns.o
  CC      drivers/staging/qcacld-3.0/components/target_if/pmo/src/target_if_pmo_pkt_filter.o
  CC      drivers/staging/qcacld-3.0/components/target_if/disa/src/target_if_disa.o
  CC      drivers/staging/qcacld-3.0/components/target_if/blacklist_mgr/src/target_if_blm.o
  CC      drivers/staging/qcacld-3.0/components/target_if/ipa/src/target_if_ipa.o
  CC      drivers/staging/qcacld-3.0/components/target_if/action_oui/src/target_if_action_oui.o
  CC      drivers/staging/qcacld-3.0/components/p2p/dispatcher/src/wlan_p2p_ucfg_api.o
  CC      drivers/staging/qcacld-3.0/components/p2p/dispatcher/src/wlan_p2p_tgt_api.o
  CC      drivers/staging/qcacld-3.0/components/p2p/dispatcher/src/wlan_p2p_cfg.o
  CC      drivers/staging/qcacld-3.0/components/p2p/dispatcher/src/wlan_p2p_api.o
  CC      drivers/staging/qcacld-3.0/components/p2p/core/src/wlan_p2p_main.o
  CC      drivers/staging/qcacld-3.0/components/p2p/core/src/wlan_p2p_roc.o
  CC      drivers/staging/qcacld-3.0/components/p2p/core/src/wlan_p2p_off_chan_tx.o
  CC      drivers/staging/qcacld-3.0/os_if/p2p/src/wlan_cfg80211_p2p.o
  CC      drivers/staging/qcacld-3.0/components/target_if/p2p/src/target_if_p2p.o
  CC      drivers/staging/qcacld-3.0/components/cmn_services/policy_mgr/src/wlan_policy_mgr_action.o
  CC      drivers/staging/qcacld-3.0/components/cmn_services/policy_mgr/src/wlan_policy_mgr_core.o
  CC      drivers/staging/qcacld-3.0/components/cmn_services/policy_mgr/src/wlan_policy_mgr_get_set_utils.o
  CC      drivers/staging/qcacld-3.0/components/cmn_services/policy_mgr/src/wlan_policy_mgr_init_deinit.o
  CC      drivers/staging/qcacld-3.0/components/cmn_services/policy_mgr/src/wlan_policy_mgr_ucfg.o
  CC      drivers/staging/qcacld-3.0/components/cmn_services/policy_mgr/src/wlan_policy_mgr_pcl.o
  CC      drivers/staging/qcacld-3.0/components/tdls/core/src/wlan_tdls_main.o
  CC      drivers/staging/qcacld-3.0/components/tdls/core/src/wlan_tdls_cmds_process.o
  CC      drivers/staging/qcacld-3.0/components/tdls/core/src/wlan_tdls_peer.o
  CC      drivers/staging/qcacld-3.0/components/tdls/core/src/wlan_tdls_mgmt.o
  CC      drivers/staging/qcacld-3.0/components/tdls/core/src/wlan_tdls_ct.o
  CC      drivers/staging/qcacld-3.0/components/tdls/dispatcher/src/wlan_tdls_tgt_api.o
  CC      drivers/staging/qcacld-3.0/components/tdls/dispatcher/src/wlan_tdls_ucfg_api.o
  CC      drivers/staging/qcacld-3.0/components/tdls/dispatcher/src/wlan_tdls_utils_api.o
  CC      drivers/staging/qcacld-3.0/components/tdls/dispatcher/src/wlan_tdls_cfg.o
  CC      drivers/staging/qcacld-3.0/components/tdls/dispatcher/src/wlan_tdls_api.o
  CC      drivers/staging/qcacld-3.0/os_if/tdls/src/wlan_cfg80211_tdls.o
  CC      drivers/staging/qcacld-3.0/components/target_if/tdls/src/target_if_tdls.o
  CC      drivers/staging/qcacld-3.0/../qca-wifi-host-cmn/target_if/core/src/target_if_main.o
  CC      drivers/staging/qcacld-3.0/../qca-wifi-host-cmn/target_if/regulatory/src/target_if_reg.o
  CC      drivers/staging/qcacld-3.0/../qca-wifi-host-cmn/target_if/regulatory/src/target_if_reg_lte.o
  CC      drivers/staging/qcacld-3.0/../qca-wifi-host-cmn/target_if/regulatory/src/target_if_reg_11d.o
  CC      drivers/staging/qcacld-3.0/../qca-wifi-host-cmn/target_if/init_deinit/src/init_cmd_api.o
  CC      drivers/staging/qcacld-3.0/../qca-wifi-host-cmn/target_if/init_deinit/src/init_deinit_lmac.o
  CC      drivers/staging/qcacld-3.0/../qca-wifi-host-cmn/target_if/init_deinit/src/init_event_handler.o
  CC      drivers/staging/qcacld-3.0/../qca-wifi-host-cmn/target_if/init_deinit/src/service_ready_util.o
  CC      drivers/staging/qcacld-3.0/../qca-wifi-host-cmn/target_if/mlme/vdev_mgr/src/target_if_vdev_mgr_tx_ops.o
  CC      drivers/staging/qcacld-3.0/../qca-wifi-host-cmn/target_if/mlme/vdev_mgr/src/target_if_vdev_mgr_rx_ops.o
  CC      drivers/staging/qcacld-3.0/../qca-wifi-host-cmn/target_if/mlme/psoc/src/target_if_psoc_timer_tx_ops.o
  CC      drivers/staging/qcacld-3.0/../qca-wifi-host-cmn/target_if/mlme/psoc/src/target_if_psoc_wake_lock.o
  CC      drivers/staging/qcacld-3.0/../qca-wifi-host-cmn/target_if/crypto/src/target_if_crypto.o
  CC      drivers/staging/qcacld-3.0/../qca-wifi-host-cmn/global_lmac_if/src/wlan_global_lmac_if.o
  CC      drivers/staging/qcacld-3.0/../qca-wifi-host-cmn/wmi/src/wmi_unified.o
  CC      drivers/staging/qcacld-3.0/../qca-wifi-host-cmn/wmi/src/wmi_tlv_helper.o
  CC      drivers/staging/qcacld-3.0/../qca-wifi-host-cmn/wmi/src/wmi_unified_tlv.o
  CC      drivers/staging/qcacld-3.0/../qca-wifi-host-cmn/wmi/src/wmi_unified_api.o
  CC      drivers/staging/qcacld-3.0/../qca-wifi-host-cmn/wmi/src/wmi_unified_reg_api.o
  CC      drivers/staging/qcacld-3.0/../qca-wifi-host-cmn/wmi/src/wmi_unified_vdev_api.o
  CC      drivers/staging/qcacld-3.0/../qca-wifi-host-cmn/wmi/src/wmi_unified_vdev_tlv.o
  CC      drivers/staging/qcacld-3.0/../qca-wifi-host-cmn/wmi/src/wmi_unified_pmo_api.o
  CC      drivers/staging/qcacld-3.0/../qca-wifi-host-cmn/wmi/src/wmi_unified_pmo_tlv.o
  CC      drivers/staging/qcacld-3.0/../qca-wifi-host-cmn/wmi/src/wmi_unified_apf_tlv.o
  CC      drivers/staging/qcacld-3.0/../qca-wifi-host-cmn/wmi/src/wmi_unified_action_oui_tlv.o
  CC      drivers/staging/qcacld-3.0/../qca-wifi-host-cmn/wmi/src/wmi_unified_dfs_api.o
  CC      drivers/staging/qcacld-3.0/../qca-wifi-host-cmn/wmi/src/wmi_unified_twt_api.o
  CC      drivers/staging/qcacld-3.0/../qca-wifi-host-cmn/wmi/src/wmi_unified_twt_tlv.o
  CC      drivers/staging/qcacld-3.0/../qca-wifi-host-cmn/wmi/src/wmi_unified_interop_issues_ap_api.o
  CC      drivers/staging/qcacld-3.0/../qca-wifi-host-cmn/wmi/src/wmi_unified_interop_issues_ap_tlv.o
  CC      drivers/staging/qcacld-3.0/../qca-wifi-host-cmn/wmi/src/wmi_unified_nan_api.o
  CC      drivers/staging/qcacld-3.0/../qca-wifi-host-cmn/wmi/src/wmi_unified_nan_tlv.o
  CC      drivers/staging/qcacld-3.0/../qca-wifi-host-cmn/wmi/src/wmi_unified_p2p_api.o
  CC      drivers/staging/qcacld-3.0/../qca-wifi-host-cmn/wmi/src/wmi_unified_p2p_tlv.o
  CC      drivers/staging/qcacld-3.0/../qca-wifi-host-cmn/wmi/src/wmi_unified_concurrency_api.o
  CC      drivers/staging/qcacld-3.0/../qca-wifi-host-cmn/wmi/src/wmi_unified_concurrency_tlv.o
  CC      drivers/staging/qcacld-3.0/../qca-wifi-host-cmn/wmi/src/wmi_unified_sta_api.o
  CC      drivers/staging/qcacld-3.0/../qca-wifi-host-cmn/wmi/src/wmi_unified_sta_tlv.o
  CC      drivers/staging/qcacld-3.0/../qca-wifi-host-cmn/wmi/src/wmi_unified_bcn_api.o
  CC      drivers/staging/qcacld-3.0/../qca-wifi-host-cmn/wmi/src/wmi_unified_bcn_tlv.o
  CC      drivers/staging/qcacld-3.0/../qca-wifi-host-cmn/wmi/src/wmi_unified_fwol_api.o
  CC      drivers/staging/qcacld-3.0/../qca-wifi-host-cmn/wmi/src/wmi_unified_fwol_tlv.o
  CC      drivers/staging/qcacld-3.0/../qca-wifi-host-cmn/wmi/src/wmi_unified_cfr_tlv.o
  CC      drivers/staging/qcacld-3.0/../qca-wifi-host-cmn/wmi/src/wmi_unified_cfr_api.o
  CC      drivers/staging/qcacld-3.0/../qca-wifi-host-cmn/wmi/src/wmi_unified_cp_stats_api.o
  CC      drivers/staging/qcacld-3.0/../qca-wifi-host-cmn/wmi/src/wmi_unified_cp_stats_tlv.o
  CC      drivers/staging/qcacld-3.0/core/dp/txrx3.0/dp_txrx.o
  CC      drivers/staging/qcacld-3.0/core/dp/txrx3.0/dp_rx_thread.o
  CC      drivers/staging/qcacld-3.0/core/dp/txrx3.0/dp_fisa_rx.o
  CC      drivers/staging/qcacld-3.0/core/dp/txrx3.0/dp_rx_fst.o
  CC      drivers/staging/qcacld-3.0/../qca-wifi-host-cmn/dp/wifi3.0/dp_main.o
  CC      drivers/staging/qcacld-3.0/../qca-wifi-host-cmn/dp/wifi3.0/dp_tx.o
  CC      drivers/staging/qcacld-3.0/../qca-wifi-host-cmn/dp/wifi3.0/dp_tx_desc.o
  CC      drivers/staging/qcacld-3.0/../qca-wifi-host-cmn/dp/wifi3.0/dp_rx.o
  CC      drivers/staging/qcacld-3.0/../qca-wifi-host-cmn/dp/wifi3.0/dp_rx_err.o
  CC      drivers/staging/qcacld-3.0/../qca-wifi-host-cmn/dp/wifi3.0/dp_htt.o
  CC      drivers/staging/qcacld-3.0/../qca-wifi-host-cmn/dp/wifi3.0/dp_peer.o
  CC      drivers/staging/qcacld-3.0/../qca-wifi-host-cmn/dp/wifi3.0/dp_rx_desc.o
  CC      drivers/staging/qcacld-3.0/../qca-wifi-host-cmn/dp/wifi3.0/dp_reo.o
  CC      drivers/staging/qcacld-3.0/../qca-wifi-host-cmn/dp/wifi3.0/dp_rx_mon_dest.o
../drivers/staging/qcacld-3.0/../qca-wifi-host-cmn/dp/wifi3.0/dp_htt.c:4099:13: warning: unused function 'dp_htt_process_stats_tlv' [-Wunused-function]
 4099 | static void dp_htt_process_stats_tlv(struct dp_soc *soc,
      |             ^~~~~~~~~~~~~~~~~~~~~~~~
1 warning generated.
  CC      drivers/staging/qcacld-3.0/../qca-wifi-host-cmn/dp/wifi3.0/dp_rx_mon_status.o
  CC      drivers/staging/qcacld-3.0/../qca-wifi-host-cmn/dp/wifi3.0/dp_rx_defrag.o
  CC      drivers/staging/qcacld-3.0/../qca-wifi-host-cmn/dp/wifi3.0/dp_mon_filter.o
  CC      drivers/staging/qcacld-3.0/../qca-wifi-host-cmn/dp/wifi3.0/dp_stats.o
  CC      drivers/staging/qcacld-3.0/../qca-wifi-host-cmn/target_if/dp/src/target_if_dp.o
  CC      drivers/staging/qcacld-3.0/../qca-wifi-host-cmn/dp/wifi3.0/dp_tx_flow_control.o
  CC      drivers/staging/qcacld-3.0/../qca-wifi-host-cmn/dp/wifi3.0/dp_rx_buffer_pool.o
  CC      drivers/staging/qcacld-3.0/../qca-wifi-host-cmn/dp/wifi3.0/dp_ipa.o
  CC      drivers/staging/qcacld-3.0/../qca-wifi-host-cmn/wlan_cfg/wlan_cfg.o
  CC      drivers/staging/qcacld-3.0/../qca-wifi-host-cmn/init_deinit/dispatcher/src/dispatcher_init_deinit.o
  CC      drivers/staging/qcacld-3.0/../qca-wifi-host-cmn/umac/regulatory/core/src/reg_build_chan_list.o
  CC      drivers/staging/qcacld-3.0/../qca-wifi-host-cmn/umac/regulatory/core/src/reg_callbacks.o
  CC      drivers/staging/qcacld-3.0/../qca-wifi-host-cmn/umac/regulatory/core/src/reg_db.o
  CC      drivers/staging/qcacld-3.0/../qca-wifi-host-cmn/umac/regulatory/core/src/reg_db_parser.o
  CC      drivers/staging/qcacld-3.0/../qca-wifi-host-cmn/umac/regulatory/core/src/reg_utils.o
  CC      drivers/staging/qcacld-3.0/../qca-wifi-host-cmn/umac/regulatory/core/src/reg_lte.o
  CC      drivers/staging/qcacld-3.0/../qca-wifi-host-cmn/umac/regulatory/core/src/reg_offload_11d_scan.o
  CC      drivers/staging/qcacld-3.0/../qca-wifi-host-cmn/umac/regulatory/core/src/reg_opclass.o
  CC      drivers/staging/qcacld-3.0/../qca-wifi-host-cmn/umac/regulatory/core/src/reg_priv_objs.o
  CC      drivers/staging/qcacld-3.0/../qca-wifi-host-cmn/umac/regulatory/dispatcher/src/wlan_reg_services_api.o
  CC      drivers/staging/qcacld-3.0/../qca-wifi-host-cmn/umac/regulatory/core/src/reg_services_common.o
  CC      drivers/staging/qcacld-3.0/../qca-wifi-host-cmn/umac/regulatory/dispatcher/src/wlan_reg_tgt_api.o
  CC      drivers/staging/qcacld-3.0/../qca-wifi-host-cmn/umac/regulatory/dispatcher/src/wlan_reg_ucfg_api.o
  CC      drivers/staging/qcacld-3.0/../qca-wifi-host-cmn/scheduler/src/scheduler_api.o
  CC      drivers/staging/qcacld-3.0/../qca-wifi-host-cmn/scheduler/src/scheduler_core.o
  CC      drivers/staging/qcacld-3.0/../qca-wifi-host-cmn/umac/cmn_services/serialization/src/wlan_serialization_main.o
  CC      drivers/staging/qcacld-3.0/../qca-wifi-host-cmn/umac/cmn_services/serialization/src/wlan_serialization_api.o
  CC      drivers/staging/qcacld-3.0/../qca-wifi-host-cmn/umac/cmn_services/serialization/src/wlan_serialization_utils.o
  CC      drivers/staging/qcacld-3.0/../qca-wifi-host-cmn/umac/cmn_services/serialization/src/wlan_serialization_legacy_api.o
  CC      drivers/staging/qcacld-3.0/../qca-wifi-host-cmn/umac/cmn_services/serialization/src/wlan_serialization_rules.o
  CC      drivers/staging/qcacld-3.0/../qca-wifi-host-cmn/umac/cmn_services/serialization/src/wlan_serialization_internal.o
  CC      drivers/staging/qcacld-3.0/../qca-wifi-host-cmn/umac/cmn_services/serialization/src/wlan_serialization_non_scan.o
  CC      drivers/staging/qcacld-3.0/../qca-wifi-host-cmn/umac/cmn_services/serialization/src/wlan_serialization_queue.o
  CC      drivers/staging/qcacld-3.0/../qca-wifi-host-cmn/umac/cmn_services/serialization/src/wlan_serialization_scan.o
  CC      drivers/staging/qcacld-3.0/../qca-wifi-host-cmn/umac/wifi_pos/src/wifi_pos_api.o
  CC      drivers/staging/qcacld-3.0/../qca-wifi-host-cmn/umac/wifi_pos/src/wifi_pos_main.o
  CC      drivers/staging/qcacld-3.0/../qca-wifi-host-cmn/umac/wifi_pos/src/wifi_pos_ucfg.o
  CC      drivers/staging/qcacld-3.0/../qca-wifi-host-cmn/umac/wifi_pos/src/wifi_pos_utils.o
  CC      drivers/staging/qcacld-3.0/../qca-wifi-host-cmn/os_if/linux/wifi_pos/src/os_if_wifi_pos.o
  CC      drivers/staging/qcacld-3.0/../qca-wifi-host-cmn/target_if/wifi_pos/src/target_if_wifi_pos.o
  CC      drivers/staging/qcacld-3.0/components/cp_stats/dispatcher/src/wlan_cp_stats_mc_tgt_api.o
  CC      drivers/staging/qcacld-3.0/components/cp_stats/dispatcher/src/wlan_cp_stats_mc_ucfg_api.o
  CC      drivers/staging/qcacld-3.0/components/target_if/cp_stats/src/target_if_mc_cp_stats.o
  CC      drivers/staging/qcacld-3.0/../qca-wifi-host-cmn/umac/cp_stats/core/src/wlan_cp_stats_comp_handler.o
  CC      drivers/staging/qcacld-3.0/../qca-wifi-host-cmn/umac/cp_stats/core/src/wlan_cp_stats_obj_mgr_handler.o
  CC      drivers/staging/qcacld-3.0/../qca-wifi-host-cmn/umac/cp_stats/core/src/wlan_cp_stats_ol_api.o
  CC      drivers/staging/qcacld-3.0/os_if/cp_stats/src/wlan_cfg80211_mc_cp_stats.o
  CC      drivers/staging/qcacld-3.0/../qca-wifi-host-cmn/umac/cp_stats/dispatcher/src/wlan_cp_stats_utils_api.o
  CC      drivers/staging/qcacld-3.0/../qca-wifi-host-cmn/target_if/cp_stats/src/target_if_cp_stats.o
  CC      drivers/staging/qcacld-3.0/../qca-wifi-host-cmn/umac/cp_stats/dispatcher/src/wlan_cp_stats_ucfg_api.o
  CC      drivers/staging/qcacld-3.0/components/target_if/interop_issues_ap/src/target_if_interop_issues_ap.o
  CC      drivers/staging/qcacld-3.0/components/interop_issues_ap/core/src/wlan_interop_issues_ap_api.o
  CC      drivers/staging/qcacld-3.0/os_if/interop_issues_ap/src/wlan_cfg80211_interop_issues_ap.o
  CC      drivers/staging/qcacld-3.0/components/interop_issues_ap/dispatcher/src/wlan_interop_issues_ap_tgt_api.o
  CC      drivers/staging/qcacld-3.0/components/interop_issues_ap/dispatcher/src/wlan_interop_issues_ap_ucfg_api.o
  CC      drivers/staging/qcacld-3.0/components/nan/core/src/nan_main.o
  CC      drivers/staging/qcacld-3.0/components/nan/core/src/nan_api.o
  CC      drivers/staging/qcacld-3.0/components/nan/dispatcher/src/nan_ucfg_api.o
  CC      drivers/staging/qcacld-3.0/components/nan/dispatcher/src/cfg_nan.o
  CC      drivers/staging/qcacld-3.0/components/target_if/nan/src/target_if_nan.o
  CC      drivers/staging/qcacld-3.0/os_if/nan/src/os_if_nan.o
  CC      drivers/staging/qcacld-3.0/../qca-wifi-host-cmn/htc/htc.o
  CC      drivers/staging/qcacld-3.0/../qca-wifi-host-cmn/htc/htc_send.o
  CC      drivers/staging/qcacld-3.0/../qca-wifi-host-cmn/htc/htc_recv.o
  CC      drivers/staging/qcacld-3.0/../qca-wifi-host-cmn/htc/htc_services.o
  CC      drivers/staging/qcacld-3.0/../qca-wifi-host-cmn/htc/htc_credit_history.o
  CC      drivers/staging/qcacld-3.0/../qca-wifi-host-cmn/hif/src/hif_napi.o
  CC      drivers/staging/qcacld-3.0/../qca-wifi-host-cmn/hif/src/dispatcher/multibus.o
  CC      drivers/staging/qcacld-3.0/../qca-wifi-host-cmn/hif/src/dispatcher/dummy.o
  CC      drivers/staging/qcacld-3.0/../qca-wifi-host-cmn/hif/src/ath_procfs.o
  CC      drivers/staging/qcacld-3.0/../qca-wifi-host-cmn/hif/src/hif_main.o
  CC      drivers/staging/qcacld-3.0/../qca-wifi-host-cmn/hif/src/hif_runtime_pm.o
  CC      drivers/staging/qcacld-3.0/../qca-wifi-host-cmn/hif/src/hif_exec.o
  CC      drivers/staging/qcacld-3.0/../qca-wifi-host-cmn/hif/src/hif_irq_affinity.o
  CC      drivers/staging/qcacld-3.0/../qca-wifi-host-cmn/hif/src/pcie/if_pci.o
  CC      drivers/staging/qcacld-3.0/../qca-wifi-host-cmn/hif/src/ce/ce_diag.o
  CC      drivers/staging/qcacld-3.0/../qca-wifi-host-cmn/hif/src/ce/ce_main.o
  CC      drivers/staging/qcacld-3.0/../qca-wifi-host-cmn/hif/src/ce/ce_service.o
  CC      drivers/staging/qcacld-3.0/../qca-wifi-host-cmn/hif/src/ce/ce_tasklet.o
  CC      drivers/staging/qcacld-3.0/../qca-wifi-host-cmn/hif/src/mp_dev.o
  CC      drivers/staging/qcacld-3.0/../qca-wifi-host-cmn/hif/src/regtable.o
  CC      drivers/staging/qcacld-3.0/../qca-wifi-host-cmn/hif/src/qca6490def.o
  CC      drivers/staging/qcacld-3.0/../qca-wifi-host-cmn/hif/src/ce/ce_service_srng.o
  CC      drivers/staging/qcacld-3.0/../qca-wifi-host-cmn/hif/src/dispatcher/multibus_pci.o
  CC      drivers/staging/qcacld-3.0/../qca-wifi-host-cmn/hal/wifi3.0/hal_srng.o
  CC      drivers/staging/qcacld-3.0/../qca-wifi-host-cmn/hal/wifi3.0/hal_reo.o
  CC      drivers/staging/qcacld-3.0/../qca-wifi-host-cmn/hal/wifi3.0/hal_rx_flow.o
  CC      drivers/staging/qcacld-3.0/../qca-wifi-host-cmn/hal/wifi3.0/qca6490/hal_6490.o
  CC      drivers/staging/qcacld-3.0/core/wma/src/wma_main.o
  CC      drivers/staging/qcacld-3.0/core/wma/src/wma_scan_roam.o
  CC      drivers/staging/qcacld-3.0/core/wma/src/wma_dev_if.o
  CC      drivers/staging/qcacld-3.0/core/wma/src/wma_mgmt.o
  CC      drivers/staging/qcacld-3.0/core/wma/src/wma_power.o
  CC      drivers/staging/qcacld-3.0/core/wma/src/wma_data.o
  CC      drivers/staging/qcacld-3.0/core/wma/src/wma_utils.o
  CC      drivers/staging/qcacld-3.0/core/wma/src/wma_features.o
  CC      drivers/staging/qcacld-3.0/core/wma/src/wlan_qct_wma_legacy.o
  CC      drivers/staging/qcacld-3.0/core/wma/src/wma_nan_datapath.o
  CC      drivers/staging/qcacld-3.0/core/wma/src/wma_fips_api.o
  CC      drivers/staging/qcacld-3.0/core/wma/src/wma_utils_ut.o
  CC      drivers/staging/qcacld-3.0/core/wma/src/wma_he.o
  CC      drivers/staging/qcacld-3.0/core/wma/src/wma_twt.o
  CC      drivers/staging/qcacld-3.0/core/wma/src/wma_fw_state.o
  CC      drivers/staging/qcacld-3.0/../qca-wifi-host-cmn/target_if/direct_buf_rx/src/target_if_direct_buf_rx_api.o
  CC      drivers/staging/qcacld-3.0/../qca-wifi-host-cmn/target_if/direct_buf_rx/src/target_if_direct_buf_rx_main.o
  CC      drivers/staging/qcacld-3.0/../qca-wifi-host-cmn/wmi/src/wmi_unified_dbr_api.o
  CC      drivers/staging/qcacld-3.0/../qca-wifi-host-cmn/wmi/src/wmi_unified_dbr_tlv.o
  CC      drivers/staging/qcacld-3.0/core/pld/src/pld_common.o
  CC      drivers/staging/qcacld-3.0/core/pld/src/pld_pcie.o
  AR      drivers/staging/qcacld-3.0/built-in.a
  AR      drivers/staging/built-in.a
  AR      drivers/built-in.a
make[1]: Leaving directory '/home/wyc/android_kernel_xiaomi_sm8350-miui/out'
make: *** [Makefile:190: sub-make] Error 2
=================
编译退出码: 2
时间: Sun May  3 12:11:16 AM CST 2026
=== 编译结束 ===
[2026-05-03 00:11:16] ERROR: 编译失败 (退出码: )
[2026-05-03 00:11:17] 详细错误信息已保存至: ./build_logs/errors_20260502_232833.log
[2026-05-03 00:11:17] 完整编译日志: ./build_logs/build_20260502_232833.log
